INSERT INTO types (typeId, "name") VALUES (1, 'Science fiction');
INSERT INTO types (typeId, "name") VALUES (2, 'Satire');
INSERT INTO types (typeId, "name") VALUES (3, 'Drama');
INSERT INTO types (typeId, "name") VALUES (4, 'Action and Adventure');
INSERT INTO types (typeId, "name") VALUES (5, 'Romance');
INSERT INTO types (typeId, "name") VALUES (6, 'Mystery');
INSERT INTO types (typeId, "name") VALUES (7, 'Horror');
INSERT INTO types (typeId, "name") VALUES (8, 'Health');
INSERT INTO types (typeId, "name") VALUES (9, 'Guide');
INSERT INTO types (typeId, "name") VALUES (10, 'Diaries');
INSERT INTO types (typeId, "name") VALUES (11, 'Comics');
INSERT INTO types (typeId, "name") VALUES (12, 'Diaries');
INSERT INTO types (typeId, "name") VALUES (13, 'Journals');
INSERT INTO types (typeId, "name") VALUES (14, 'Biographies');
INSERT INTO types (typeId, "name") VALUES (15, 'Fantasy');
INSERT INTO types (typeId, "name") VALUES (16, 'History');
INSERT INTO types (typeId, "name") VALUES (17, 'Science');
INSERT INTO types (typeId, "name") VALUES (18, 'Art');

INSERT INTO authors (authorId, "name", surname) VALUES (1, 'William Dean', 'Howells');
INSERT INTO authors (authorId, "name", surname) VALUES (2, 'Frederic', 'Brown');
INSERT INTO authors (authorId, "name", surname) VALUES (3, 'Jack', 'London');
INSERT INTO authors (authorId, "name", surname) VALUES (4, 'Albert', 'Blaisdell');
INSERT INTO authors (authorId, "name", surname) VALUES (5, 'Ellis', 'Butler');
INSERT INTO authors (authorId, "name", surname) VALUES (6, 'Arthur', 'Machen');
INSERT INTO authors (authorId, "name", surname) VALUES (7, 'Titus', 'Lucretius');
INSERT INTO authors (authorId, "name", surname) VALUES (8, 'Rabindranath', 'Tagore');
INSERT INTO authors (authorId, "name", surname) VALUES (9, 'Isaac', 'Asimov');
INSERT INTO authors (authorId, "name", surname) VALUES (10, 'Charles', 'Dickens');
INSERT INTO authors (authorId, "name", surname) VALUES (11, 'Ralph Waldo', 'Emerson');
INSERT INTO authors (authorId, "name", surname) VALUES (12, 'Dorothy', 'Canfield');
INSERT INTO authors (authorId, "name", surname) VALUES (13, 'Givoanni', 'Boccaccio');
INSERT INTO authors (authorId, "name", surname) VALUES (14, 'George', 'Orwell');
INSERT INTO authors (authorId, "name", surname) VALUES (15, 'Publius', 'Ovid');
INSERT INTO authors (authorId, "name", surname) VALUES (16, 'Robert Louis', 'Stevenson');
INSERT INTO authors (authorId, "name", surname) VALUES (17, 'Virginia', 'Woolf');
INSERT INTO authors (authorId, "name", surname) VALUES (18, 'George', 'Eliot');
INSERT INTO authors (authorId, "name", surname) VALUES (19, 'Amelia B.', 'Edwards');
INSERT INTO authors (authorId, "name", surname) VALUES (20, 'Fyodor', 'Dostoevsky');
INSERT INTO authors (authorId, "name", surname) VALUES (21, 'Emily', 'Dickinson');
INSERT INTO authors (authorId, "name", surname) VALUES (22, 'Edna', 'Ferber');
INSERT INTO authors (authorId, "name", surname) VALUES (23, 'Joseph Sheridan', 'LeFanu');
INSERT INTO authors (authorId, "name", surname) VALUES (24, 'John', 'DosPassos');
INSERT INTO authors (authorId, "name", surname) VALUES (25, 'Ruth', 'Stuart');
INSERT INTO authors (authorId, "name", surname) VALUES (26, 'Vladimir', 'Nabokov');
INSERT INTO authors (authorId, "name", surname) VALUES (27, 'Johanna', 'Spyri');
INSERT INTO authors (authorId, "name", surname) VALUES (28, 'Ernest', 'Dowson');
INSERT INTO authors (authorId, "name", surname) VALUES (29, 'Mary Hallock', 'Foote');
INSERT INTO authors (authorId, "name", surname) VALUES (30, 'Zane', 'Grey');
INSERT INTO authors (authorId, "name", surname) VALUES (31, 'H. P.', 'Lovecraft');
INSERT INTO authors (authorId, "name", surname) VALUES (32, 'Samuel', 'Pepys');
INSERT INTO authors (authorId, "name", surname) VALUES (33, 'Kate Dickinson', 'Sweetser');
INSERT INTO authors (authorId, "name", surname) VALUES (34, 'William', 'Lampton');
INSERT INTO authors (authorId, "name", surname) VALUES (35, 'Mother', 'Goose');
INSERT INTO authors (authorId, "name", surname) VALUES (36, 'Eleanor Hallowell', 'Abbott');

INSERT INTO books (bookId, "name", pagecount, point, authorId, typeId) VALUES (1, 'A Daughter of the Snows', 199, 84, 3, 9);
INSERT INTO books (bookId, "name", pagecount, point, authorId, typeId) VALUES (2, 'The Near East: 10,000 Years of History', 298, 52, 9, 13);
INSERT INTO books (bookId, "name", pagecount, point, authorId, typeId) VALUES (3, 'The Cocoon: A Rest-Cure Comedy', 90, 26, 25, 12);
INSERT INTO books (bookId, "name", pagecount, point, authorId, typeId) VALUES (4, 'The Freakshow Murders', 321, 41, 2, 3);
INSERT INTO books (bookId, "name", pagecount, point, authorId, typeId) VALUES (5, 'Pharaohs, Fellahs and Explorers', 367, 56, 19, 9);
INSERT INTO books (bookId, "name", pagecount, point, authorId, typeId) VALUES (6, 'Hard Times', 293, 25, 10, 1);
INSERT INTO books (bookId, "name", pagecount, point, authorId, typeId) VALUES (7, 'A Modern Instance', 222, 73, 1, 12);
INSERT INTO books (bookId, "name", pagecount, point, authorId, typeId) VALUES (8, 'The Real Mother Goose', 88, 99, 35, 1);
INSERT INTO books (bookId, "name", pagecount, point, authorId, typeId) VALUES (9, 'A Thousand Miles Up the Nile', 110, 90, 19, 18);
INSERT INTO books (bookId, "name", pagecount, point, authorId, typeId) VALUES (10, 'Children of Blood and Bone', 137, 83, 7, 13);
INSERT INTO books (bookId, "name", pagecount, point, authorId, typeId) VALUES (11, 'A pushcart at the curb', 95, 55, 24, 1);
INSERT INTO books (bookId, "name", pagecount, point, authorId, typeId) VALUES (12, 'The Desert and the Sown', 126, 35, 29, 10);
INSERT INTO books (bookId, "name", pagecount, point, authorId, typeId) VALUES (13, 'Three Soldiers', 223, 92, 24, 16);
INSERT INTO books (bookId, "name", pagecount, point, authorId, typeId) VALUES (14, 'The End of Eternity', 168, 42, 9, 1);
INSERT INTO books (bookId, "name", pagecount, point, authorId, typeId) VALUES (15, 'Annie Kilburn', 291, 51, 1, 12);
INSERT INTO books (bookId, "name", pagecount, point, authorId, typeId) VALUES (16, 'A Touch of Sun and Other Stories', 141, 69, 29, 9);
INSERT INTO books (bookId, "name", pagecount, point, authorId, typeId) VALUES (17, 'Show Boat', 151, 26, 22, 18);
INSERT INTO books (bookId, "name", pagecount, point, authorId, typeId) VALUES (18, 'The Call of the Wild', 362, 49, 3, 18);
INSERT INTO books (bookId, "name", pagecount, point, authorId, typeId) VALUES (19, 'My Mark Twain', 339, 64, 1, 9);
INSERT INTO books (bookId, "name", pagecount, point, authorId, typeId) VALUES (20, 'Broken Ties', 134, 56, 8, 5);
INSERT INTO books (bookId, "name", pagecount, point, authorId, typeId) VALUES (21, 'Short Stories From American History', 305, 89, 4, 8);
INSERT INTO books (bookId, "name", pagecount, point, authorId, typeId) VALUES (22, 'Mrs Rosie and the Priest', 104, 30, 13, 14);
INSERT INTO books (bookId, "name", pagecount, point, authorId, typeId) VALUES (23, 'So Big', 209, 57, 22, 3);
INSERT INTO books (bookId, "name", pagecount, point, authorId, typeId) VALUES (24, 'Monsieur Maurice ', 92, 61, 19, 8);
INSERT INTO books (bookId, "name", pagecount, point, authorId, typeId) VALUES (25, 'The Master of Ballantrae', 236, 66, 16, 13);
INSERT INTO books (bookId, "name", pagecount, point, authorId, typeId) VALUES (26, 'The Unlived Life of Little Mary Ellen', 99, 45, 25, 6);
INSERT INTO books (bookId, "name", pagecount, point, authorId, typeId) VALUES (27, 'Mouse - The Last Train', 184, 43, 2, 14);
INSERT INTO books (bookId, "name", pagecount, point, authorId, typeId) VALUES (28, 'Edith Bonham', 122, 74, 29, 7);
INSERT INTO books (bookId, "name", pagecount, point, authorId, typeId) VALUES (29, 'Maybe Mother Goose', 161, 98, 35, 14);
INSERT INTO books (bookId, "name", pagecount, point, authorId, typeId) VALUES (30, 'The Noble Gases', 321, 33, 9, 5);
INSERT INTO books (bookId, "name", pagecount, point, authorId, typeId) VALUES (31, 'Rainy Week', 98, 32, 36, 7);
INSERT INTO books (bookId, "name", pagecount, point, authorId, typeId) VALUES (32, 'A Hazard of New Fortunes', 144, 92, 1, 4);
INSERT INTO books (bookId, "name", pagecount, point, authorId, typeId) VALUES (33, 'A Plot for Murder', 108, 45, 2, 13);
INSERT INTO books (bookId, "name", pagecount, point, authorId, typeId) VALUES (34, 'Nature', 357, 59, 11, 8);
INSERT INTO books (bookId, "name", pagecount, point, authorId, typeId) VALUES (35, 'Hickory Dickory Dock', 326, 91, 35, 6);
INSERT INTO books (bookId, "name", pagecount, point, authorId, typeId) VALUES (36, 'Big Fat Hen', 232, 28, 35, 12);
INSERT INTO books (bookId, "name", pagecount, point, authorId, typeId) VALUES (37, 'The Lone Star Ranger', 328, 77, 30, 9);
INSERT INTO books (bookId, "name", pagecount, point, authorId, typeId) VALUES (38, 'The Great Fire of London', 252, 69, 32, 9);
INSERT INTO books (bookId, "name", pagecount, point, authorId, typeId) VALUES (39, 'White Nights', 265, 77, 20, 14);
INSERT INTO books (bookId, "name", pagecount, point, authorId, typeId) VALUES (40, 'In a Glass Darkly', 173, 62, 23, 9);
INSERT INTO books (bookId, "name", pagecount, point, authorId, typeId) VALUES (41, 'Fanny herself', 248, 81, 22, 10);
INSERT INTO books (bookId, "name", pagecount, point, authorId, typeId) VALUES (42, 'Loaded', 273, 29, 2, 4);
INSERT INTO books (bookId, "name", pagecount, point, authorId, typeId) VALUES (43, 'A Foregone Conclusion', 121, 35, 1, 15);
INSERT INTO books (bookId, "name", pagecount, point, authorId, typeId) VALUES (44, 'The Hill of Dreams', 175, 82, 6, 6);
INSERT INTO books (bookId, "name", pagecount, point, authorId, typeId) VALUES (45, 'Adventure', 217, 60, 3, 8);
INSERT INTO books (bookId, "name", pagecount, point, authorId, typeId) VALUES (46, 'A Tagore Reader', 285, 40, 8, 4);
INSERT INTO books (bookId, "name", pagecount, point, authorId, typeId) VALUES (47, 'A Tale of Two Cities', 331, 44, 10, 13);
INSERT INTO books (bookId, "name", pagecount, point, authorId, typeId) VALUES (48, 'Dombey and Son', 344, 87, 10, 14);
INSERT INTO books (bookId, "name", pagecount, point, authorId, typeId) VALUES (49, 'Famous Women', 273, 32, 13, 1);
INSERT INTO books (bookId, "name", pagecount, point, authorId, typeId) VALUES (50, 'Rejection, The Ruling Spirit', 358, 86, 5, 2);
INSERT INTO books (bookId, "name", pagecount, point, authorId, typeId) VALUES (51, 'Little Dorrit', 314, 43, 10, 13);
INSERT INTO books (bookId, "name", pagecount, point, authorId, typeId) VALUES (52, 'The Four-Fifteen Express', 201, 85, 19, 2);
INSERT INTO books (bookId, "name", pagecount, point, authorId, typeId) VALUES (53, 'Fairy Prince and Other Stories', 306, 90, 36, 15);
INSERT INTO books (bookId, "name", pagecount, point, authorId, typeId) VALUES (54, 'Ten Tales from the Decameron', 183, 92, 13, 5);
INSERT INTO books (bookId, "name", pagecount, point, authorId, typeId) VALUES (55, 'The Double', 372, 86, 20, 17);
INSERT INTO books (bookId, "name", pagecount, point, authorId, typeId) VALUES (56, 'A Flight Of Swans', 115, 64, 8, 8);
INSERT INTO books (bookId, "name", pagecount, point, authorId, typeId) VALUES (57, 'The Phantom Coach', 243, 28, 19, 17);
INSERT INTO books (bookId, "name", pagecount, point, authorId, typeId) VALUES (58, 'The Game', 209, 52, 3, 10);
INSERT INTO books (bookId, "name", pagecount, point, authorId, typeId) VALUES (59, 'Rico and Wiseli', 309, 53, 27, 8);
INSERT INTO books (bookId, "name", pagecount, point, authorId, typeId) VALUES (60, 'The Shorter Pepys', 276, 64, 32, 5);
INSERT INTO books (bookId, "name", pagecount, point, authorId, typeId) VALUES (61, 'My Life Had Stood a Loaded Gun ', 278, 82, 21, 12);
INSERT INTO books (bookId, "name", pagecount, point, authorId, typeId) VALUES (62, 'A Tagore Testament', 268, 56, 8, 15);
INSERT INTO books (bookId, "name", pagecount, point, authorId, typeId) VALUES (63, 'The Cruise of the Dazzler', 140, 25, 3, 10);
INSERT INTO books (bookId, "name", pagecount, point, authorId, typeId) VALUES (64, 'To the Lighthouse', 90, 87, 17, 2);
INSERT INTO books (bookId, "name", pagecount, point, authorId, typeId) VALUES (65, 'The Terror', 293, 101, 6, 18);
INSERT INTO books (bookId, "name", pagecount, point, authorId, typeId) VALUES (66, 'The Sick-a-Bed Lady', 369, 79, 36, 9);
INSERT INTO books (bookId, "name", pagecount, point, authorId, typeId) VALUES (67, 'Christmas Every Day', 98, 59, 1, 13);
INSERT INTO books (bookId, "name", pagecount, point, authorId, typeId) VALUES (68, 'The home-maker', 316, 25, 12, 14);
INSERT INTO books (bookId, "name", pagecount, point, authorId, typeId) VALUES (69, 'The Ground-Swell', 193, 55, 29, 10);
INSERT INTO books (bookId, "name", pagecount, point, authorId, typeId) VALUES (70, 'A Sleep and a Forgetting', 360, 44, 1, 2);
INSERT INTO books (bookId, "name", pagecount, point, authorId, typeId) VALUES (71, 'Nicholas Nickleby', 219, 97, 10, 1);
INSERT INTO books (bookId, "name", pagecount, point, authorId, typeId) VALUES (72, 'The Whole Family: A Novel by Twelve Authors', 149, 65, 1, 6);
INSERT INTO books (bookId, "name", pagecount, point, authorId, typeId) VALUES (73, 'Middlemarch', 288, 69, 18, 11);
INSERT INTO books (bookId, "name", pagecount, point, authorId, typeId) VALUES (74, 'Life of Dante', 156, 44, 13, 14);
INSERT INTO books (bookId, "name", pagecount, point, authorId, typeId) VALUES (75, 'Short Stories From English History', 189, 69, 4, 2);
INSERT INTO books (bookId, "name", pagecount, point, authorId, typeId) VALUES (76, 'Little Eve Edgarton', 306, 41, 36, 5);
INSERT INTO books (bookId, "name", pagecount, point, authorId, typeId) VALUES (77, 'The Kingdom of the Sun', 189, 68, 9, 9);
INSERT INTO books (bookId, "name", pagecount, point, authorId, typeId) VALUES (78, 'Indian Summer', 107, 21, 1, 14);
INSERT INTO books (bookId, "name", pagecount, point, authorId, typeId) VALUES (79, 'Mrs Dalloway', 321, 68, 17, 5);
INSERT INTO books (bookId, "name", pagecount, point, authorId, typeId) VALUES (80, 'Demons', 232, 88, 20, 15);
INSERT INTO books (bookId, "name", pagecount, point, authorId, typeId) VALUES (81, 'The Last Trail', 116, 64, 30, 14);
INSERT INTO books (bookId, "name", pagecount, point, authorId, typeId) VALUES (82, 'The Fredric Brown Megapack', 324, 89, 2, 16);
INSERT INTO books (bookId, "name", pagecount, point, authorId, typeId) VALUES (83, 'The Decameron: Selected Tales', 337, 34, 13, 17);
INSERT INTO books (bookId, "name", pagecount, point, authorId, typeId) VALUES (84, 'Th bent twig', 367, 26, 12, 3);
INSERT INTO books (bookId, "name", pagecount, point, authorId, typeId) VALUES (85, 'Things near and far', 199, 67, 6, 6);
INSERT INTO books (bookId, "name", pagecount, point, authorId, typeId) VALUES (86, 'The Story of Salome', 316, 44, 19, 11);
INSERT INTO books (bookId, "name", pagecount, point, authorId, typeId) VALUES (87, 'The Destruction of Our Children', 104, 73, 5, 9);
INSERT INTO books (bookId, "name", pagecount, point, authorId, typeId) VALUES (88, 'Collected Stories', 295, 100, 8, 4);
INSERT INTO books (bookId, "name", pagecount, point, authorId, typeId) VALUES (89, 'The House of the Dead', 209, 53, 20, 2);
INSERT INTO books (bookId, "name", pagecount, point, authorId, typeId) VALUES (90, 'Sonny: A Christmas Guest', 186, 30, 25, 6);
INSERT INTO books (bookId, "name", pagecount, point, authorId, typeId) VALUES (91, 'Amores', 297, 93, 15, 10);
INSERT INTO books (bookId, "name", pagecount, point, authorId, typeId) VALUES (92, 'Chaturanga', 218, 34, 8, 10);
INSERT INTO books (bookId, "name", pagecount, point, authorId, typeId) VALUES (93, 'Little Eve Edgarton', 247, 32, 36, 14);
INSERT INTO books (bookId, "name", pagecount, point, authorId, typeId) VALUES (94, 'Chitra', 122, 52, 8, 9);
INSERT INTO books (bookId, "name", pagecount, point, authorId, typeId) VALUES (95, 'The Iron Heel', 81, 29, 3, 15);
INSERT INTO books (bookId, "name", pagecount, point, authorId, typeId) VALUES (96, 'Self Reliance', 137, 64, 11, 18);
INSERT INTO books (bookId, "name", pagecount, point, authorId, typeId) VALUES (97, 'The Great God Pan And The Hill Of Dreams', 158, 87, 6, 5);
INSERT INTO books (bookId, "name", pagecount, point, authorId, typeId) VALUES (98, 'The White People and Other Weird Stories', 100, 93, 6, 15);
INSERT INTO books (bookId, "name", pagecount, point, authorId, typeId) VALUES (99, 'The Diary of Samuel Pepys: A Selection', 271, 55, 32, 3);
INSERT INTO books (bookId, "name", pagecount, point, authorId, typeId) VALUES (100, 'The Rise of Silas Lapham', 314, 36, 1, 2);
INSERT INTO books (bookId, "name", pagecount, point, authorId, typeId) VALUES (101, 'The Mystery of Edwin Drood', 340, 59, 10, 12);
INSERT INTO books (bookId, "name", pagecount, point, authorId, typeId) VALUES (102, 'In Exile and Other Stories', 140, 97, 29, 11);
INSERT INTO books (bookId, "name", pagecount, point, authorId, typeId) VALUES (103, 'Bleak House', 130, 84, 10, 18);
INSERT INTO books (bookId, "name", pagecount, point, authorId, typeId) VALUES (104, 'U.S.A Trilogy', 118, 57, 24, 1);
INSERT INTO books (bookId, "name", pagecount, point, authorId, typeId) VALUES (105, 'A Comedy of Masks', 237, 87, 28, 13);
INSERT INTO books (bookId, "name", pagecount, point, authorId, typeId) VALUES (106, 'Barnaby Rudge', 380, 31, 10, 12);
INSERT INTO books (bookId, "name", pagecount, point, authorId, typeId) VALUES (107, 'Heroic Deeds of American Sailors', 243, 21, 4, 1);
INSERT INTO books (bookId, "name", pagecount, point, authorId, typeId) VALUES (108, 'A Bouquet', 309, 89, 28, 18);
INSERT INTO books (bookId, "name", pagecount, point, authorId, typeId) VALUES (109, 'Editha', 155, 80, 1, 18);
INSERT INTO books (bookId, "name", pagecount, point, authorId, typeId) VALUES (110, 'Manhattan Transfer', 124, 21, 24, 3);
INSERT INTO books (bookId, "name", pagecount, point, authorId, typeId) VALUES (111, 'Fasti', 325, 68, 15, 7);
INSERT INTO books (bookId, "name", pagecount, point, authorId, typeId) VALUES (112, 'Hearts of Three', 272, 28, 3, 2);
INSERT INTO books (bookId, "name", pagecount, point, authorId, typeId) VALUES (113, 'Speak, Memory', 154, 69, 26, 15);
INSERT INTO books (bookId, "name", pagecount, point, authorId, typeId) VALUES (114, 'Kidnapped', 334, 60, 16, 3);
INSERT INTO books (bookId, "name", pagecount, point, authorId, typeId) VALUES (115, 'The Brothers Karamazov', 161, 74, 20, 6);
INSERT INTO books (bookId, "name", pagecount, point, authorId, typeId) VALUES (116, 'Envelope Poems', 342, 75, 21, 15);
INSERT INTO books (bookId, "name", pagecount, point, authorId, typeId) VALUES (117, 'Selected Poems', 203, 72, 21, 9);
INSERT INTO books (bookId, "name", pagecount, point, authorId, typeId) VALUES (118, 'Gobolinks or Shadow Pictures for Young and Old', 332, 61, 25, 5);
INSERT INTO books (bookId, "name", pagecount, point, authorId, typeId) VALUES (119, 'The Decameron', 318, 94, 13, 12);
INSERT INTO books (bookId, "name", pagecount, point, authorId, typeId) VALUES (120, 'The Cock and Anchor', 133, 61, 23, 1);
INSERT INTO books (bookId, "name", pagecount, point, authorId, typeId) VALUES (121, 'Adrian Rome', 259, 89, 28, 13);
INSERT INTO books (bookId, "name", pagecount, point, authorId, typeId) VALUES (122, 'Words in Genesis', 217, 101, 9, 17);
INSERT INTO books (bookId, "name", pagecount, point, authorId, typeId) VALUES (123, 'Stories of Ohio', 191, 78, 1, 5);
INSERT INTO books (bookId, "name", pagecount, point, authorId, typeId) VALUES (124, 'Treasure Island', 308, 75, 16, 4);
INSERT INTO books (bookId, "name", pagecount, point, authorId, typeId) VALUES (125, 'Uncle Silas', 118, 57, 23, 1);
INSERT INTO books (bookId, "name", pagecount, point, authorId, typeId) VALUES (126, 'The Idiot', 248, 97, 20, 7);
INSERT INTO books (bookId, "name", pagecount, point, authorId, typeId) VALUES (127, 'Inside The Atom', 176, 52, 9, 4);
INSERT INTO books (bookId, "name", pagecount, point, authorId, typeId) VALUES (128, 'The Story of Babette: A Little Creole Girl', 313, 76, 25, 5);
INSERT INTO books (bookId, "name", pagecount, point, authorId, typeId) VALUES (129, 'The Eternal Husband', 225, 79, 20, 15);
INSERT INTO books (bookId, "name", pagecount, point, authorId, typeId) VALUES (130, 'Heidi', 146, 67, 27, 17);
INSERT INTO books (bookId, "name", pagecount, point, authorId, typeId) VALUES (131, 'The Concise Pepys', 303, 88, 32, 13);
INSERT INTO books (bookId, "name", pagecount, point, authorId, typeId) VALUES (132, 'Tales From Shakespeare', 121, 62, 4, 12);
INSERT INTO books (bookId, "name", pagecount, point, authorId, typeId) VALUES (133, 'Molly Make-Believe', 286, 53, 36, 10);
INSERT INTO books (bookId, "name", pagecount, point, authorId, typeId) VALUES (134, 'Peace on Earth, Good Will to Dogs', 321, 84, 36, 9);
INSERT INTO books (bookId, "name", pagecount, point, authorId, typeId) VALUES (135, 'Miss Darkness', 360, 63, 2, 8);
INSERT INTO books (bookId, "name", pagecount, point, authorId, typeId) VALUES (136, 'Poor Folk', 202, 101, 20, 7);
INSERT INTO books (bookId, "name", pagecount, point, authorId, typeId) VALUES (137, 'Their Wedding Journey', 132, 78, 1, 18);
INSERT INTO books (bookId, "name", pagecount, point, authorId, typeId) VALUES (138, 'The Elegy of Lady Fiammetta', 157, 79, 13, 4);
INSERT INTO books (bookId, "name", pagecount, point, authorId, typeId) VALUES (139, 'Art Of Tagore', 119, 72, 8, 16);
INSERT INTO books (bookId, "name", pagecount, point, authorId, typeId) VALUES (140, 'Chemistry and Human Health', 244, 55, 9, 13);
INSERT INTO books (bookId, "name", pagecount, point, authorId, typeId) VALUES (141, 'Realm of Numbers', 279, 57, 9, 11);
INSERT INTO books (bookId, "name", pagecount, point, authorId, typeId) VALUES (142, 'The Kempton-Wace Letters', 240, 60, 3, 3);
INSERT INTO books (bookId, "name", pagecount, point, authorId, typeId) VALUES (143, 'Crime and Punishment', 144, 30, 20, 17);
INSERT INTO books (bookId, "name", pagecount, point, authorId, typeId) VALUES (144, 'Fairy Prince and Other Wonderful Stories', 219, 26, 36, 1);
INSERT INTO books (bookId, "name", pagecount, point, authorId, typeId) VALUES (145, 'Adam Bede', 303, 63, 18, 4);
INSERT INTO books (bookId, "name", pagecount, point, authorId, typeId) VALUES (146, 'Madam Crowl''s ghost', 344, 34, 23, 13);
INSERT INTO books (bookId, "name", pagecount, point, authorId, typeId) VALUES (147, 'Is Anyone There?', 178, 42, 9, 14);
INSERT INTO books (bookId, "name", pagecount, point, authorId, typeId) VALUES (148, 'An Imperative Duty', 100, 41, 1, 6);
INSERT INTO books (bookId, "name", pagecount, point, authorId, typeId) VALUES (149, 'Adding a Dimension', 334, 37, 9, 11);
INSERT INTO books (bookId, "name", pagecount, point, authorId, typeId) VALUES (150, 'The Caves of Steel', 98, 21, 9, 18);
INSERT INTO books (bookId, "name", pagecount, point, authorId, typeId) VALUES (151, 'Carmilla', 91, 23, 23, 18);
INSERT INTO books (bookId, "name", pagecount, point, authorId, typeId) VALUES (152, '1919', 105, 60, 24, 17);
INSERT INTO books (bookId, "name", pagecount, point, authorId, typeId) VALUES (153, 'Pale Fire', 250, 80, 26, 13);
INSERT INTO books (bookId, "name", pagecount, point, authorId, typeId) VALUES (154, 'Martin Chuzzlewit', 315, 52, 10, 3);
INSERT INTO books (bookId, "name", pagecount, point, authorId, typeId) VALUES (155, 'Understood Betsy', 130, 86, 12, 7);
INSERT INTO books (bookId, "name", pagecount, point, authorId, typeId) VALUES (156, 'The White Linen Nurse', 369, 35, 36, 13);
INSERT INTO books (bookId, "name", pagecount, point, authorId, typeId) VALUES (157, 'A Writer''s Diary', 164, 87, 20, 1);
INSERT INTO books (bookId, "name", pagecount, point, authorId, typeId) VALUES (158, 'Pnin', 233, 68, 26, 14);
INSERT INTO books (bookId, "name", pagecount, point, authorId, typeId) VALUES (159, 'Honeymoon in Hell', 202, 69, 2, 16);
INSERT INTO books (bookId, "name", pagecount, point, authorId, typeId) VALUES (160, 'The Black Arrow', 366, 87, 16, 12);
INSERT INTO books (bookId, "name", pagecount, point, authorId, typeId) VALUES (161, 'David Copperfield', 240, 29, 10, 16);
INSERT INTO books (bookId, "name", pagecount, point, authorId, typeId) VALUES (162, 'Famous Ghost Stories', 152, 69, 19, 3);
INSERT INTO books (bookId, "name", pagecount, point, authorId, typeId) VALUES (163, 'Book Of Indian Braves', 117, 53, 33, 8);
INSERT INTO books (bookId, "name", pagecount, point, authorId, typeId) VALUES (164, 'Binodini', 306, 89, 8, 8);
INSERT INTO books (bookId, "name", pagecount, point, authorId, typeId) VALUES (165, 'Holly And Pizen, And Other Stories', 220, 77, 25, 17);
INSERT INTO books (bookId, "name", pagecount, point, authorId, typeId) VALUES (166, 'Lolita', 153, 89, 26, 2);
INSERT INTO books (bookId, "name", pagecount, point, authorId, typeId) VALUES (167, 'The Best Short Stories', 115, 27, 20, 2);
INSERT INTO books (bookId, "name", pagecount, point, authorId, typeId) VALUES (168, 'Cimarron', 101, 33, 22, 17);

INSERT INTO students (studentId, "name", surname, birthdate, gender, class, point) VALUES (1, 'Hazel', 'Green', CAST('1999-05-15' AS Date), 'F', '9B', 916);
INSERT INTO students (studentId, "name", surname, birthdate, gender, class, point) VALUES (2, 'Ashley', 'Marshall', CAST('1999-10-28' AS Date), 'F', '12D', 215);
INSERT INTO students (studentId, "name", surname, birthdate, gender, class, point) VALUES (3, 'Ansley', 'Green', CAST('2000-07-12' AS Date), 'F', '12B', 772);
INSERT INTO students (studentId, "name", surname, birthdate, gender, class, point) VALUES (4, 'Alcock', 'Chapman', CAST('1999-01-25' AS Date), 'F', '10C', 180);
INSERT INTO students (studentId, "name", surname, birthdate, gender, class, point) VALUES (5, 'Meadow', 'Taylor', CAST('1999-12-30' AS Date), 'F', '11B', 215);
INSERT INTO students (studentId, "name", surname, birthdate, gender, class, point) VALUES (6, 'Green', 'Wright', CAST('1999-03-09' AS Date), 'M', '10A', 552);
INSERT INTO students (studentId, "name", surname, birthdate, gender, class, point) VALUES (7, 'Paxton', 'Foster', CAST('1999-03-03' AS Date), 'M', '12B', 775);
INSERT INTO students (studentId, "name", surname, birthdate, gender, class, point) VALUES (8, 'Gray', 'King', CAST('1999-06-26' AS Date), 'M', '12D', 422);
INSERT INTO students (studentId, "name", surname, birthdate, gender, class, point) VALUES (9, 'Jones', 'Collins', CAST('1999-01-26' AS Date), 'M', '11A', 816);
INSERT INTO students (studentId, "name", surname, birthdate, gender, class, point) VALUES (10, 'Leslie', 'Young', CAST('1999-02-10' AS Date), 'F', '11C', 835);
INSERT INTO students (studentId, "name", surname, birthdate, gender, class, point) VALUES (11, 'Hailey', 'Hill', CAST('2001-01-16' AS Date), 'F', '10C', 342);
INSERT INTO students (studentId, "name", surname, birthdate, gender, class, point) VALUES (12, 'Washington', 'Martin', CAST('2001-05-23' AS Date), 'M', '9C', 187);
INSERT INTO students (studentId, "name", surname, birthdate, gender, class, point) VALUES (13, 'Ramirez', 'Green', CAST('1999-08-28' AS Date), 'M', '11A', 564);
INSERT INTO students (studentId, "name", surname, birthdate, gender, class, point) VALUES (14, 'Morgan', 'Smith', CAST('2001-05-15' AS Date), 'M', '10C', 666);
INSERT INTO students (studentId, "name", surname, birthdate, gender, class, point) VALUES (15, 'Perez', 'Baker', CAST('1999-10-27' AS Date), 'M', '9C', 936);
INSERT INTO students (studentId, "name", surname, birthdate, gender, class, point) VALUES (16, 'Alfie', 'Watson', CAST('2001-04-05' AS Date), 'M', '10C', 552);
INSERT INTO students (studentId, "name", surname, birthdate, gender, class, point) VALUES (17, 'Madison', 'Jackson', CAST('2001-02-15' AS Date), 'F', '9E', 125);
INSERT INTO students (studentId, "name", surname, birthdate, gender, class, point) VALUES (18, 'Beverly', 'Moore', CAST('1999-11-19' AS Date), 'F', '9E', 269);
INSERT INTO students (studentId, "name", surname, birthdate, gender, class, point) VALUES (19, 'Kaden', 'Anderson', CAST('2000-11-11' AS Date), 'M', '9D', 976);
INSERT INTO students (studentId, "name", surname, birthdate, gender, class, point) VALUES (20, 'Carter', 'Adams', CAST('2000-07-08' AS Date), 'M', '11C', 658);
INSERT INTO students (studentId, "name", surname, birthdate, gender, class, point) VALUES (21, 'Ackland', 'Adams', CAST('2000-05-19' AS Date), 'F', '11C', 889);
INSERT INTO students (studentId, "name", surname, birthdate, gender, class, point) VALUES (22, 'Hadley', 'Parker', CAST('1999-11-21' AS Date), 'F', '11C', 104);
INSERT INTO students (studentId, "name", surname, birthdate, gender, class, point) VALUES (23, 'Henderson', 'Cook', CAST('2001-08-06' AS Date), 'M', '9C', 798);
INSERT INTO students (studentId, "name", surname, birthdate, gender, class, point) VALUES (24, 'Wright', 'Young', CAST('2000-05-14' AS Date), 'M', '12E', 209);
INSERT INTO students (studentId, "name", surname, birthdate, gender, class, point) VALUES (25, 'Lindsey', 'Wilkinson', CAST('2000-10-08' AS Date), 'F', '10E', 225);
INSERT INTO students (studentId, "name", surname, birthdate, gender, class, point) VALUES (26, 'Wren', 'Chapman', CAST('2000-11-06' AS Date), 'F', '12A', 58);
INSERT INTO students (studentId, "name", surname, birthdate, gender, class, point) VALUES (27, 'Love', 'Chapman', CAST('2000-10-15' AS Date), 'F', '12B', 637);
INSERT INTO students (studentId, "name", surname, birthdate, gender, class, point) VALUES (28, 'Wes', 'Bell', CAST('2001-01-25' AS Date), 'M', '9A', 713);
INSERT INTO students (studentId, "name", surname, birthdate, gender, class, point) VALUES (29, 'Tyler', 'Carter', CAST('2001-08-24' AS Date), 'M', '11C', 709);
INSERT INTO students (studentId, "name", surname, birthdate, gender, class, point) VALUES (30, 'Edwin', 'Cook', CAST('2000-08-17' AS Date), 'M', '10C', 882);
INSERT INTO students (studentId, "name", surname, birthdate, gender, class, point) VALUES (31, 'Sally', 'Wood', CAST('1999-06-07' AS Date), 'F', '12D', 59);
INSERT INTO students (studentId, "name", surname, birthdate, gender, class, point) VALUES (32, 'Nelson', 'Smith', CAST('1999-11-15' AS Date), 'M', '12D', 129);
INSERT INTO students (studentId, "name", surname, birthdate, gender, class, point) VALUES (33, 'Arabelle', 'Brown', CAST('2000-03-11' AS Date), 'F', '11C', 7);
INSERT INTO students (studentId, "name", surname, birthdate, gender, class, point) VALUES (34, 'Carter', 'Harrison', CAST('2000-11-30' AS Date), 'M', '10D', 585);
INSERT INTO students (studentId, "name", surname, birthdate, gender, class, point) VALUES (35, 'Baker', 'Bell', CAST('2000-03-24' AS Date), 'M', '11E', 95);
INSERT INTO students (studentId, "name", surname, birthdate, gender, class, point) VALUES (36, 'Cherish', 'Cooper', CAST('1999-01-31' AS Date), 'F', '10C', 855);
INSERT INTO students (studentId, "name", surname, birthdate, gender, class, point) VALUES (37, 'Remington', 'Wright', CAST('1999-08-14' AS Date), 'M', '9B', 837);
INSERT INTO students (studentId, "name", surname, birthdate, gender, class, point) VALUES (38, 'Edwards', 'King', CAST('1999-02-01' AS Date), 'M', '9C', 365);
INSERT INTO students (studentId, "name", surname, birthdate, gender, class, point) VALUES (39, 'Harleigh', 'Taylor', CAST('1999-05-05' AS Date), 'F', '10D', 781);
INSERT INTO students (studentId, "name", surname, birthdate, gender, class, point) VALUES (40, 'Ryleigh', 'Clark', CAST('1999-10-29' AS Date), 'F', '10A', 795);
INSERT INTO students (studentId, "name", surname, birthdate, gender, class, point) VALUES (41, 'Albert', 'Richardson', CAST('2000-03-19' AS Date), 'F', '9B', 447);
INSERT INTO students (studentId, "name", surname, birthdate, gender, class, point) VALUES (42, 'Lee', 'Ward', CAST('1999-05-13' AS Date), 'M', '12E', 671);
INSERT INTO students (studentId, "name", surname, birthdate, gender, class, point) VALUES (43, 'Kaylin', 'Bell', CAST('1999-09-12' AS Date), 'F', '9B', 703);
INSERT INTO students (studentId, "name", surname, birthdate, gender, class, point) VALUES (44, 'Agard', 'Young', CAST('2000-04-03' AS Date), 'F', '12A', 852);
INSERT INTO students (studentId, "name", surname, birthdate, gender, class, point) VALUES (45, 'Turner', 'Hall', CAST('2000-01-07' AS Date), 'M', '9B', 4);
INSERT INTO students (studentId, "name", surname, birthdate, gender, class, point) VALUES (46, 'Akes', 'White', CAST('2001-03-08' AS Date), 'F', '11A', 686);
INSERT INTO students (studentId, "name", surname, birthdate, gender, class, point) VALUES (47, 'Lewis', 'Lee', CAST('2001-01-30' AS Date), 'M', '11E', 251);
INSERT INTO students (studentId, "name", surname, birthdate, gender, class, point) VALUES (48, 'Karson', 'Cook', CAST('2001-06-26' AS Date), 'M', '11D', 705);
INSERT INTO students (studentId, "name", surname, birthdate, gender, class, point) VALUES (49, 'Hayden', 'Young', CAST('1999-12-15' AS Date), 'M', '9A', 967);
INSERT INTO students (studentId, "name", surname, birthdate, gender, class, point) VALUES (50, 'Sterling', 'Shaw', CAST('2000-06-24' AS Date), 'M', '12A', 521);
INSERT INTO students (studentId, "name", surname, birthdate, gender, class, point) VALUES (51, 'Rylan', 'Wright', CAST('2000-02-06' AS Date), 'M', '12B', 418);
INSERT INTO students (studentId, "name", surname, birthdate, gender, class, point) VALUES (52, 'Abbott', 'Hill', CAST('1999-01-05' AS Date), 'F', '11E', 783);
INSERT INTO students (studentId, "name", surname, birthdate, gender, class, point) VALUES (53, 'Alcock', 'Turner', CAST('2000-09-30' AS Date), 'F', '10A', 642);
INSERT INTO students (studentId, "name", surname, birthdate, gender, class, point) VALUES (54, 'Simmons', 'Davis', CAST('1999-03-30' AS Date), 'M', '10C', 260);
INSERT INTO students (studentId, "name", surname, birthdate, gender, class, point) VALUES (55, 'Jennifer', 'Moore', CAST('1999-11-01' AS Date), 'F', '9B', 296);
INSERT INTO students (studentId, "name", surname, birthdate, gender, class, point) VALUES (56, 'Reed', 'Ward', CAST('1999-11-14' AS Date), 'M', '9E', 287);
INSERT INTO students (studentId, "name", surname, birthdate, gender, class, point) VALUES (57, 'Adley', 'Adams', CAST('2000-05-31' AS Date), 'F', '11C', 886);
INSERT INTO students (studentId, "name", surname, birthdate, gender, class, point) VALUES (58, 'Ainley', 'Young', CAST('1999-01-31' AS Date), 'F', '11E', 21);
INSERT INTO students (studentId, "name", surname, birthdate, gender, class, point) VALUES (59, 'Ida', 'Gray', CAST('1999-11-30' AS Date), 'F', '10E', 121);
INSERT INTO students (studentId, "name", surname, birthdate, gender, class, point) VALUES (60, 'Alice', 'Wood', CAST('2000-04-05' AS Date), 'F', '12C', 792);
INSERT INTO students (studentId, "name", surname, birthdate, gender, class, point) VALUES (61, 'Kim', 'Marshall', CAST('2000-08-04' AS Date), 'F', '9D', 540);
INSERT INTO students (studentId, "name", surname, birthdate, gender, class, point) VALUES (62, 'Ainsley', 'Cooper', CAST('2000-10-13' AS Date), 'F', '9A', 159);
INSERT INTO students (studentId, "name", surname, birthdate, gender, class, point) VALUES (63, 'Josephine', 'Bell', CAST('2000-05-25' AS Date), 'F', '11E', 812);
INSERT INTO students (studentId, "name", surname, birthdate, gender, class, point) VALUES (64, 'Ronald', 'Lee', CAST('2000-05-12' AS Date), 'M', '12D', 840);
INSERT INTO students (studentId, "name", surname, birthdate, gender, class, point) VALUES (65, 'Harlee', 'Foster', CAST('2000-01-23' AS Date), 'F', '9E', 505);
INSERT INTO students (studentId, "name", surname, birthdate, gender, class, point) VALUES (66, 'Kaelyn', 'Chapman', CAST('1999-07-02' AS Date), 'F', '12D', 433);
INSERT INTO students (studentId, "name", surname, birthdate, gender, class, point) VALUES (67, 'Dev', 'Davis', CAST('2001-02-22' AS Date), 'M', '10D', 981);
INSERT INTO students (studentId, "name", surname, birthdate, gender, class, point) VALUES (68, 'Honey', 'Corbyn', CAST('1999-08-02' AS Date), 'F', '11D', 811);
INSERT INTO students (studentId, "name", surname, birthdate, gender, class, point) VALUES (69, 'Crosby', 'Cook', CAST('2001-08-22' AS Date), 'M', '11B', 421);
INSERT INTO students (studentId, "name", surname, birthdate, gender, class, point) VALUES (70, 'Jaxon', 'Walker', CAST('2000-06-28' AS Date), 'M', '9A', 885);
INSERT INTO students (studentId, "name", surname, birthdate, gender, class, point) VALUES (71, 'Alberts', 'Cox', CAST('2000-08-24' AS Date), 'F', '9A', 356);
INSERT INTO students (studentId, "name", surname, birthdate, gender, class, point) VALUES (72, 'Daxton', 'Smith', CAST('2000-05-27' AS Date), 'M', '12C', 370);
INSERT INTO students (studentId, "name", surname, birthdate, gender, class, point) VALUES (73, 'Braden', 'Carter', CAST('1999-03-15' AS Date), 'M', '11E', 597);
INSERT INTO students (studentId, "name", surname, birthdate, gender, class, point) VALUES (74, 'Johnson', 'Baker', CAST('1999-07-05' AS Date), 'M', '9A', 467);
INSERT INTO students (studentId, "name", surname, birthdate, gender, class, point) VALUES (75, 'Addison', 'Adams', CAST('2001-03-04' AS Date), 'F', '9D', 981);
INSERT INTO students (studentId, "name", surname, birthdate, gender, class, point) VALUES (76, 'Dalton', 'Harris', CAST('1999-12-19' AS Date), 'M', '10C', 590);
INSERT INTO students (studentId, "name", surname, birthdate, gender, class, point) VALUES (77, 'Chance', 'Johnson', CAST('1999-09-20' AS Date), 'M', '11A', 565);
INSERT INTO students (studentId, "name", surname, birthdate, gender, class, point) VALUES (78, 'Ailes', 'Wright', CAST('2001-04-20' AS Date), 'F', '9B', 429);
INSERT INTO students (studentId, "name", surname, birthdate, gender, class, point) VALUES (79, 'Bryant', 'Chapman', CAST('2001-03-11' AS Date), 'M', '10A', 611);
INSERT INTO students (studentId, "name", surname, birthdate, gender, class, point) VALUES (80, 'Maverick', 'Young', CAST('2000-04-03' AS Date), 'M', '9E', 794);
INSERT INTO students (studentId, "name", surname, birthdate, gender, class, point) VALUES (81, 'Acomb', 'Collins', CAST('1999-04-24' AS Date), 'F', '10B', 733);
INSERT INTO students (studentId, "name", surname, birthdate, gender, class, point) VALUES (82, 'Reed', 'Johnson', CAST('2000-04-01' AS Date), 'M', '11C', 476);
INSERT INTO students (studentId, "name", surname, birthdate, gender, class, point) VALUES (83, 'Akes', 'Turner', CAST('2000-09-10' AS Date), 'F', '9C', 829);
INSERT INTO students (studentId, "name", surname, birthdate, gender, class, point) VALUES (84, 'Rylan', 'Wilkinson', CAST('2000-06-30' AS Date), 'M', '12D', 790);
INSERT INTO students (studentId, "name", surname, birthdate, gender, class, point) VALUES (85, 'Miller', 'Wilkinson', CAST('2000-11-24' AS Date), 'M', '9A', 411);
INSERT INTO students (studentId, "name", surname, birthdate, gender, class, point) VALUES (86, 'Adley', 'Collins', CAST('2001-09-14' AS Date), 'F', '9E', 371);
INSERT INTO students (studentId, "name", surname, birthdate, gender, class, point) VALUES (87, 'Nelson', 'Harrison', CAST('2001-06-04' AS Date), 'M', '10E', 552);
INSERT INTO students (studentId, "name", surname, birthdate, gender, class, point) VALUES (88, 'Daisy', 'Taylor', CAST('2000-06-15' AS Date), 'F', '9A', 732);
INSERT INTO students (studentId, "name", surname, birthdate, gender, class, point) VALUES (89, 'Lewis', 'Young', CAST('1999-03-14' AS Date), 'M', '11A', 551);
INSERT INTO students (studentId, "name", surname, birthdate, gender, class, point) VALUES (90, 'Moore', 'Brown', CAST('1999-11-30' AS Date), 'M', '12C', 866);
INSERT INTO students (studentId, "name", surname, birthdate, gender, class, point) VALUES (91, 'Colton', 'Ward', CAST('1999-11-19' AS Date), 'M', '12D', 756);
INSERT INTO students (studentId, "name", surname, birthdate, gender, class, point) VALUES (92, 'Harvey', 'Hill', CAST('1999-11-15' AS Date), 'M', '12C', 935);
INSERT INTO students (studentId, "name", surname, birthdate, gender, class, point) VALUES (93, 'Kaden', 'Lee', CAST('2001-04-18' AS Date), 'M', '9D', 247);
INSERT INTO students (studentId, "name", surname, birthdate, gender, class, point) VALUES (94, 'Walker', 'Hall', CAST('1999-03-17' AS Date), 'M', '11B', 175);
INSERT INTO students (studentId, "name", surname, birthdate, gender, class, point) VALUES (95, 'Preston', 'White', CAST('2000-03-06' AS Date), 'M', '12B', 278);
INSERT INTO students (studentId, "name", surname, birthdate, gender, class, point) VALUES (96, 'Walker', 'Green', CAST('2001-01-01' AS Date), 'M', '9D', 117);
INSERT INTO students (studentId, "name", surname, birthdate, gender, class, point) VALUES (97, 'Brooklynn', 'Carter', CAST('2000-04-17' AS Date), 'F', '9C', 377);
INSERT INTO students (studentId, "name", surname, birthdate, gender, class, point) VALUES (98, 'Brennan', 'King', CAST('2000-11-05' AS Date), 'M', '10E', 500);
INSERT INTO students (studentId, "name", surname, birthdate, gender, class, point) VALUES (99, 'James', 'Watson', CAST('2000-07-13' AS Date), 'M', '11C', 738);
INSERT INTO students (studentId, "name", surname, birthdate, gender, class, point) VALUES (100, 'Drake', 'Gray', CAST('2001-04-28' AS Date), 'M', '12D', 811);
INSERT INTO students (studentId, "name", surname, birthdate, gender, class, point) VALUES (101, 'Aduddell', 'Thompson', CAST('1999-04-29' AS Date), 'F', '10A', 753);
INSERT INTO students (studentId, "name", surname, birthdate, gender, class, point) VALUES (102, 'Randy', 'Wright', CAST('2000-07-22' AS Date), 'M', '9B', 444);
INSERT INTO students (studentId, "name", surname, birthdate, gender, class, point) VALUES (103, 'Albert', 'Adams', CAST('2001-08-25' AS Date), 'F', '9B', 420);
INSERT INTO students (studentId, "name", surname, birthdate, gender, class, point) VALUES (104, 'Albert', 'Gray', CAST('1999-03-02' AS Date), 'F', '12A', 973);
INSERT INTO students (studentId, "name", surname, birthdate, gender, class, point) VALUES (105, 'Jo', 'Adams', CAST('1999-02-06' AS Date), 'F', '12D', 476);
INSERT INTO students (studentId, "name", surname, birthdate, gender, class, point) VALUES (106, 'Raymond', 'Turner', CAST('1999-07-02' AS Date), 'M', '10B', 412);
INSERT INTO students (studentId, "name", surname, birthdate, gender, class, point) VALUES (107, 'Haven', 'Jackson', CAST('2001-08-20' AS Date), 'F', '12B', 341);
INSERT INTO students (studentId, "name", surname, birthdate, gender, class, point) VALUES (108, 'Rae', 'Hill', CAST('1999-08-14' AS Date), 'F', '10D', 251);
INSERT INTO students (studentId, "name", surname, birthdate, gender, class, point) VALUES (109, 'Phillips', 'Wilkinson', CAST('2001-08-25' AS Date), 'M', '9E', 976);
INSERT INTO students (studentId, "name", surname, birthdate, gender, class, point) VALUES (110, 'Nelson', 'Bell', CAST('2001-08-19' AS Date), 'M', '11D', 567);
INSERT INTO students (studentId, "name", surname, birthdate, gender, class, point) VALUES (111, 'Alday', 'Wright', CAST('1999-08-30' AS Date), 'F', '12C', 894);
INSERT INTO students (studentId, "name", surname, birthdate, gender, class, point) VALUES (112, 'Cade', 'Bailey', CAST('2000-11-06' AS Date), 'M', '11D', 110);
INSERT INTO students (studentId, "name", surname, birthdate, gender, class, point) VALUES (113, 'Ackerly', 'Anderson', CAST('2001-06-04' AS Date), 'F', '10D', 248);
INSERT INTO students (studentId, "name", surname, birthdate, gender, class, point) VALUES (114, 'Cody', 'Brown', CAST('2000-07-20' AS Date), 'M', '11C', 967);
INSERT INTO students (studentId, "name", surname, birthdate, gender, class, point) VALUES (115, 'Addington', 'Richardson', CAST('2000-10-06' AS Date), 'F', '12B', 692);
INSERT INTO students (studentId, "name", surname, birthdate, gender, class, point) VALUES (116, 'Jennifer', 'Harrison', CAST('2000-10-13' AS Date), 'F', '12E', 844);
INSERT INTO students (studentId, "name", surname, birthdate, gender, class, point) VALUES (117, 'Payton', 'Carter', CAST('1999-07-30' AS Date), 'F', '10E', 984);
INSERT INTO students (studentId, "name", surname, birthdate, gender, class, point) VALUES (118, 'Rogers', 'Allen', CAST('1999-03-06' AS Date), 'M', '12E', 927);
INSERT INTO students (studentId, "name", surname, birthdate, gender, class, point) VALUES (119, 'Martin', 'Harrison', CAST('1999-09-03' AS Date), 'M', '9C', 792);
INSERT INTO students (studentId, "name", surname, birthdate, gender, class, point) VALUES (120, 'Abby', 'Green', CAST('2000-11-11' AS Date), 'F', '10D', 590);
INSERT INTO students (studentId, "name", surname, birthdate, gender, class, point) VALUES (121, 'Agar', 'Anderson', CAST('2001-05-30' AS Date), 'F', '12E', 678);
INSERT INTO students (studentId, "name", surname, birthdate, gender, class, point) VALUES (122, 'Denver', 'Richardson', CAST('2000-08-04' AS Date), 'F', '11B', 502);
INSERT INTO students (studentId, "name", surname, birthdate, gender, class, point) VALUES (123, 'Tanner', 'Parker', CAST('1999-11-30' AS Date), 'M', '9E', 267);
INSERT INTO students (studentId, "name", surname, birthdate, gender, class, point) VALUES (124, 'Audrey', 'Wood', CAST('2001-01-25' AS Date), 'F', '10D', 118);
INSERT INTO students (studentId, "name", surname, birthdate, gender, class, point) VALUES (125, 'Bell', 'Wilkinson', CAST('2000-03-24' AS Date), 'M', '10A', 910);
INSERT INTO students (studentId, "name", surname, birthdate, gender, class, point) VALUES (126, 'Kaelyn', 'Martin', CAST('1999-04-17' AS Date), 'F', '10C', 3);
INSERT INTO students (studentId, "name", surname, birthdate, gender, class, point) VALUES (127, 'Blake', 'Johnson', CAST('2001-04-28' AS Date), 'F', '10D', 422);
INSERT INTO students (studentId, "name", surname, birthdate, gender, class, point) VALUES (128, 'Hadley', 'Robinson', CAST('2001-06-23' AS Date), 'F', '10D', 954);
INSERT INTO students (studentId, "name", surname, birthdate, gender, class, point) VALUES (129, 'Weston', 'Cook', CAST('1999-07-11' AS Date), 'M', '12C', 702);
INSERT INTO students (studentId, "name", surname, birthdate, gender, class, point) VALUES (130, 'Jones', 'Harris', CAST('2001-04-25' AS Date), 'M', '11D', 476);
INSERT INTO students (studentId, "name", surname, birthdate, gender, class, point) VALUES (131, 'Gonzales', 'King', CAST('2001-01-12' AS Date), 'M', '10B', 62);
INSERT INTO students (studentId, "name", surname, birthdate, gender, class, point) VALUES (132, 'Reed', 'Johnson', CAST('2000-05-25' AS Date), 'M', '11D', 439);
INSERT INTO students (studentId, "name", surname, birthdate, gender, class, point) VALUES (133, 'Ackley', 'Wood', CAST('2001-05-09' AS Date), 'F', '11A', 210);
INSERT INTO students (studentId, "name", surname, birthdate, gender, class, point) VALUES (134, 'Abdon', 'Johnson', CAST('2000-08-18' AS Date), 'F', '10E', 769);
INSERT INTO students (studentId, "name", surname, birthdate, gender, class, point) VALUES (135, 'Hayden', 'Cook', CAST('2001-07-15' AS Date), 'M', '9B', 368);
INSERT INTO students (studentId, "name", surname, birthdate, gender, class, point) VALUES (136, 'Carter', 'Carter', CAST('1999-03-25' AS Date), 'M', '9D', 656);
INSERT INTO students (studentId, "name", surname, birthdate, gender, class, point) VALUES (137, 'Zac', 'Walker', CAST('1999-09-29' AS Date), 'M', '12E', 597);
INSERT INTO students (studentId, "name", surname, birthdate, gender, class, point) VALUES (138, 'Simmons', 'Shaw', CAST('2000-11-11' AS Date), 'M', '11C', 444);
INSERT INTO students (studentId, "name", surname, birthdate, gender, class, point) VALUES (139, 'Afton', 'Moore', CAST('1999-03-09' AS Date), 'F', '12C', 62);
INSERT INTO students (studentId, "name", surname, birthdate, gender, class, point) VALUES (140, 'Afton', 'Jackson', CAST('2000-11-04' AS Date), 'F', '10C', 862);
INSERT INTO students (studentId, "name", surname, birthdate, gender, class, point) VALUES (141, 'Rylan', 'Ward', CAST('1999-10-14' AS Date), 'M', '12B', 580);
INSERT INTO students (studentId, "name", surname, birthdate, gender, class, point) VALUES (142, 'Annie', 'Watson', CAST('1999-02-12' AS Date), 'F', '10C', 975);
INSERT INTO students (studentId, "name", surname, birthdate, gender, class, point) VALUES (143, 'Howard', 'Bell', CAST('2001-08-29' AS Date), 'M', '10B', 344);
INSERT INTO students (studentId, "name", surname, birthdate, gender, class, point) VALUES (144, 'Kim', 'Taylor', CAST('2001-05-17' AS Date), 'F', '10A', 711);
INSERT INTO students (studentId, "name", surname, birthdate, gender, class, point) VALUES (145, 'Garcia', 'Brown', CAST('1999-02-22' AS Date), 'M', '11C', 451);
INSERT INTO students (studentId, "name", surname, birthdate, gender, class, point) VALUES (146, 'Alcock', 'Jackson', CAST('2000-03-21' AS Date), 'F', '12D', 952);
INSERT INTO students (studentId, "name", surname, birthdate, gender, class, point) VALUES (147, 'Marley', 'Clarke', CAST('1999-06-04' AS Date), 'F', '12B', 729);
INSERT INTO students (studentId, "name", surname, birthdate, gender, class, point) VALUES (148, 'Brennan', 'Collins', CAST('1999-06-07' AS Date), 'M', '12C', 639);
INSERT INTO students (studentId, "name", surname, birthdate, gender, class, point) VALUES (149, 'Daisy', 'Wright', CAST('1999-11-02' AS Date), 'F', '10A', 836);
INSERT INTO students (studentId, "name", surname, birthdate, gender, class, point) VALUES (150, 'Alders', 'Clark', CAST('2000-08-18' AS Date), 'F', '9E', 838);
INSERT INTO students (studentId, "name", surname, birthdate, gender, class, point) VALUES (151, 'Hall', 'Marshall', CAST('2000-04-27' AS Date), 'M', '9D', 212);
INSERT INTO students (studentId, "name", surname, birthdate, gender, class, point) VALUES (152, 'Arabelle', 'Parker', CAST('2000-08-19' AS Date), 'F', '11B', 41);
INSERT INTO students (studentId, "name", surname, birthdate, gender, class, point) VALUES (153, 'Phillips', 'Green', CAST('2000-03-01' AS Date), 'M', '9B', 489);
INSERT INTO students (studentId, "name", surname, birthdate, gender, class, point) VALUES (154, 'Martinez', 'Adams', CAST('1999-06-17' AS Date), 'M', '10D', 428);
INSERT INTO students (studentId, "name", surname, birthdate, gender, class, point) VALUES (155, 'Alder', 'Turner', CAST('2001-04-15' AS Date), 'F', '12E', 700);
INSERT INTO students (studentId, "name", surname, birthdate, gender, class, point) VALUES (156, 'Richardson', 'Allen', CAST('2000-03-13' AS Date), 'M', '9B', 652);
INSERT INTO students (studentId, "name", surname, birthdate, gender, class, point) VALUES (157, 'Colt', 'Davis', CAST('2001-04-10' AS Date), 'M', '9A', 302);
INSERT INTO students (studentId, "name", surname, birthdate, gender, class, point) VALUES (158, 'Sally', 'Green', CAST('2000-04-21' AS Date), 'F', '11D', 434);
INSERT INTO students (studentId, "name", surname, birthdate, gender, class, point) VALUES (159, 'Ackroyd', 'Turner', CAST('2001-08-23' AS Date), 'F', '10D', 523);
INSERT INTO students (studentId, "name", surname, birthdate, gender, class, point) VALUES (160, 'Madyson', 'Baker', CAST('1999-08-24' AS Date), 'F', '9C', 570);
INSERT INTO students (studentId, "name", surname, birthdate, gender, class, point) VALUES (161, 'Robert', 'Ward', CAST('2000-05-16' AS Date), 'M', '9C', 565);
INSERT INTO students (studentId, "name", surname, birthdate, gender, class, point) VALUES (162, 'Harley', 'Baker', CAST('2000-06-30' AS Date), 'F', '11E', 4);
INSERT INTO students (studentId, "name", surname, birthdate, gender, class, point) VALUES (163, 'Adwell', 'Jackson', CAST('1999-08-15' AS Date), 'F', '12E', 213);
INSERT INTO students (studentId, "name", surname, birthdate, gender, class, point) VALUES (164, 'Barnes', 'Chapman', CAST('2000-12-16' AS Date), 'M', '9C', 340);
INSERT INTO students (studentId, "name", surname, birthdate, gender, class, point) VALUES (165, 'Amber', 'Chapman', CAST('1999-09-06' AS Date), 'F', '11B', 383);
INSERT INTO students (studentId, "name", surname, birthdate, gender, class, point) VALUES (166, 'Annie', 'Wright', CAST('2000-08-21' AS Date), 'F', '10E', 345);
INSERT INTO students (studentId, "name", surname, birthdate, gender, class, point) VALUES (167, 'Hailey', 'Young', CAST('2000-11-09' AS Date), 'F', '9A', 638);
INSERT INTO students (studentId, "name", surname, birthdate, gender, class, point) VALUES (168, 'Acey', 'Foster', CAST('2000-12-03' AS Date), 'F', '10E', 102);
INSERT INTO students (studentId, "name", surname, birthdate, gender, class, point) VALUES (169, 'Rylan', 'Martin', CAST('2001-08-26' AS Date), 'M', '10C', 643);
INSERT INTO students (studentId, "name", surname, birthdate, gender, class, point) VALUES (170, 'Aduddell', 'Clark', CAST('1999-10-30' AS Date), 'F', '12A', 329);
INSERT INTO students (studentId, "name", surname, birthdate, gender, class, point) VALUES (171, 'Walker', 'Martin', CAST('2001-03-02' AS Date), 'M', '10B', 139);
INSERT INTO students (studentId, "name", surname, birthdate, gender, class, point) VALUES (172, 'Abney', 'Turner', CAST('1999-02-23' AS Date), 'F', '12D', 337);
INSERT INTO students (studentId, "name", surname, birthdate, gender, class, point) VALUES (173, 'Leanna', 'Mitchell', CAST('1999-10-11' AS Date), 'F', '12C', 551);
INSERT INTO students (studentId, "name", surname, birthdate, gender, class, point) VALUES (174, 'Walker', 'Wright', CAST('2001-08-01' AS Date), 'M', '9A', 288);
INSERT INTO students (studentId, "name", surname, birthdate, gender, class, point) VALUES (175, 'Acors', 'Turner', CAST('2001-03-06' AS Date), 'F', '11C', 82);
INSERT INTO students (studentId, "name", surname, birthdate, gender, class, point) VALUES (176, 'Journey', 'Wood', CAST('2001-09-07' AS Date), 'F', '10A', 491);
INSERT INTO students (studentId, "name", surname, birthdate, gender, class, point) VALUES (177, 'Leslie', 'Cook', CAST('2001-07-04' AS Date), 'F', '12C', 278);
INSERT INTO students (studentId, "name", surname, birthdate, gender, class, point) VALUES (178, 'Acomb', 'Wilkinson', CAST('1999-12-05' AS Date), 'F', '10A', 600);
INSERT INTO students (studentId, "name", surname, birthdate, gender, class, point) VALUES (179, 'Cooper', 'Collins', CAST('2000-01-05' AS Date), 'M', '10E', 848);
INSERT INTO students (studentId, "name", surname, birthdate, gender, class, point) VALUES (180, 'Jolene', 'Martin', CAST('1999-10-26' AS Date), 'F', '10B', 606);
INSERT INTO students (studentId, "name", surname, birthdate, gender, class, point) VALUES (181, 'Weston', 'Carter', CAST('2000-03-04' AS Date), 'M', '10E', 495);
INSERT INTO students (studentId, "name", surname, birthdate, gender, class, point) VALUES (182, 'Drake', 'Bell', CAST('2000-11-22' AS Date), 'M', '11D', 335);
INSERT INTO students (studentId, "name", surname, birthdate, gender, class, point) VALUES (183, 'Hayes', 'Lee', CAST('2001-07-18' AS Date), 'M', '12B', 474);
INSERT INTO students (studentId, "name", surname, birthdate, gender, class, point) VALUES (184, 'Able', 'Bennett', CAST('2000-06-07' AS Date), 'F', '9B', 243);
INSERT INTO students (studentId, "name", surname, birthdate, gender, class, point) VALUES (185, 'Ackerman', 'Miller', CAST('2001-05-24' AS Date), 'F', '12E', 530);
INSERT INTO students (studentId, "name", surname, birthdate, gender, class, point) VALUES (186, 'Brooke', 'Smith', CAST('2001-07-11' AS Date), 'F', '10A', 293);
INSERT INTO students (studentId, "name", surname, birthdate, gender, class, point) VALUES (187, 'Leanna', 'Bell', CAST('2001-04-29' AS Date), 'F', '10E', 682);
INSERT INTO students (studentId, "name", surname, birthdate, gender, class, point) VALUES (188, 'Brooklyn', 'Smith', CAST('2001-04-24' AS Date), 'F', '11E', 654);
INSERT INTO students (studentId, "name", surname, birthdate, gender, class, point) VALUES (189, 'Kelly', 'Robinson', CAST('2001-05-28' AS Date), 'M', '12D', 300);
INSERT INTO students (studentId, "name", surname, birthdate, gender, class, point) VALUES (190, 'Ward', 'Bailey', CAST('2000-08-21' AS Date), 'M', '11E', 61);
INSERT INTO students (studentId, "name", surname, birthdate, gender, class, point) VALUES (191, 'Taylor', 'Hill', CAST('2000-06-11' AS Date), 'M', '10E', 645);
INSERT INTO students (studentId, "name", surname, birthdate, gender, class, point) VALUES (192, 'Winter', 'Cooper', CAST('1999-07-07' AS Date), 'F', '10C', 82);
INSERT INTO students (studentId, "name", surname, birthdate, gender, class, point) VALUES (193, 'Madisyn', 'Baker', CAST('2001-08-21' AS Date), 'F', '9C', 906);
INSERT INTO students (studentId, "name", surname, birthdate, gender, class, point) VALUES (194, 'Cody', 'Wilkinson', CAST('2001-05-17' AS Date), 'M', '12E', 525);
INSERT INTO students (studentId, "name", surname, birthdate, gender, class, point) VALUES (195, 'Lewis', 'Turner', CAST('2001-03-11' AS Date), 'M', '9B', 437);
INSERT INTO students (studentId, "name", surname, birthdate, gender, class, point) VALUES (196, 'Edison', 'Johnson', CAST('1999-05-16' AS Date), 'M', '9A', 330);
INSERT INTO students (studentId, "name", surname, birthdate, gender, class, point) VALUES (197, 'Foster', 'Cook', CAST('2001-07-03' AS Date), 'M', '11D', 520);
INSERT INTO students (studentId, "name", surname, birthdate, gender, class, point) VALUES (198, 'Colby', 'Hill', CAST('1999-01-12' AS Date), 'M', '11C', 958);
INSERT INTO students (studentId, "name", surname, birthdate, gender, class, point) VALUES (199, 'Londyn', 'Turner', CAST('1999-01-28' AS Date), 'F', '10B', 486);
INSERT INTO students (studentId, "name", surname, birthdate, gender, class, point) VALUES (200, 'Addy', 'Cook', CAST('2001-09-06' AS Date), 'F', '10A', 642);
INSERT INTO students (studentId, "name", surname, birthdate, gender, class, point) VALUES (201, 'Acey', 'Adams', CAST('2001-04-20' AS Date), 'F', '10D', 102);
INSERT INTO students (studentId, "name", surname, birthdate, gender, class, point) VALUES (202, 'Payton', 'Shaw', CAST('1999-05-25' AS Date), 'F', '11C', 10);
INSERT INTO students (studentId, "name", surname, birthdate, gender, class, point) VALUES (203, 'Jagger', 'Collins', CAST('2000-09-04' AS Date), 'M', '9E', 426);
INSERT INTO students (studentId, "name", surname, birthdate, gender, class, point) VALUES (204, 'Diaz', 'Davis', CAST('1999-05-08' AS Date), 'M', '12D', 787);
INSERT INTO students (studentId, "name", surname, birthdate, gender, class, point) VALUES (205, 'Colt', 'Hall', CAST('2000-10-22' AS Date), 'M', '12B', 824);
INSERT INTO students (studentId, "name", surname, birthdate, gender, class, point) VALUES (206, 'Arthur', 'Jackson', CAST('2001-06-08' AS Date), 'M', '11B', 851);
INSERT INTO students (studentId, "name", surname, birthdate, gender, class, point) VALUES (207, 'Jenny', 'Wright', CAST('2001-08-06' AS Date), 'F', '9B', 744);
INSERT INTO students (studentId, "name", surname, birthdate, gender, class, point) VALUES (208, 'Hadleigh', 'Brown', CAST('2001-02-21' AS Date), 'F', '10D', 931);
INSERT INTO students (studentId, "name", surname, birthdate, gender, class, point) VALUES (209, 'Wren', 'Clarke', CAST('2000-10-21' AS Date), 'F', '12B', 101);
INSERT INTO students (studentId, "name", surname, birthdate, gender, class, point) VALUES (210, 'Brooklynn', 'Chapman', CAST('2000-02-09' AS Date), 'F', '11C', 505);
INSERT INTO students (studentId, "name", surname, birthdate, gender, class, point) VALUES (211, 'Farrah', 'Anderson', CAST('2000-11-10' AS Date), 'F', '12A', 671);
INSERT INTO students (studentId, "name", surname, birthdate, gender, class, point) VALUES (212, 'Cooper', 'Bailey', CAST('2000-09-13' AS Date), 'M', '11B', 431);
INSERT INTO students (studentId, "name", surname, birthdate, gender, class, point) VALUES (213, 'Alban', 'Bailey', CAST('2000-08-13' AS Date), 'F', '12E', 908);
INSERT INTO students (studentId, "name", surname, birthdate, gender, class, point) VALUES (214, 'Jenny', 'Marshall', CAST('2001-08-31' AS Date), 'F', '10E', 171);
INSERT INTO students (studentId, "name", surname, birthdate, gender, class, point) VALUES (215, 'Acres', 'Johnson', CAST('1999-02-07' AS Date), 'F', '12E', 456);
INSERT INTO students (studentId, "name", surname, birthdate, gender, class, point) VALUES (216, 'Tyler', 'Bennett', CAST('2001-03-26' AS Date), 'M', '12B', 121);
INSERT INTO students (studentId, "name", surname, birthdate, gender, class, point) VALUES (217, 'Blake', 'Wilkinson', CAST('2001-03-22' AS Date), 'F', '9D', 166);
INSERT INTO students (studentId, "name", surname, birthdate, gender, class, point) VALUES (218, 'Airington', 'Mitchell', CAST('2000-09-07' AS Date), 'F', '12B', 336);
INSERT INTO students (studentId, "name", surname, birthdate, gender, class, point) VALUES (219, 'Alders', 'Smith', CAST('2001-07-09' AS Date), 'F', '10A', 353);
INSERT INTO students (studentId, "name", surname, birthdate, gender, class, point) VALUES (220, 'Eddie', 'King', CAST('1999-08-01' AS Date), 'M', '11E', 83);
INSERT INTO students (studentId, "name", surname, birthdate, gender, class, point) VALUES (221, 'Acreman', 'Chapman', CAST('2000-04-30' AS Date), 'F', '12E', 976);
INSERT INTO students (studentId, "name", surname, birthdate, gender, class, point) VALUES (222, 'Butler', 'Taylor', CAST('1999-01-27' AS Date), 'M', '11A', 173);
INSERT INTO students (studentId, "name", surname, birthdate, gender, class, point) VALUES (223, 'Kelsie', 'Cox', CAST('1999-10-15' AS Date), 'F', '10A', 384);
INSERT INTO students (studentId, "name", surname, birthdate, gender, class, point) VALUES (224, 'Brown', 'Davis', CAST('2000-10-18' AS Date), 'M', '9E', 122);
INSERT INTO students (studentId, "name", surname, birthdate, gender, class, point) VALUES (225, 'Sanchez', 'White', CAST('2000-01-07' AS Date), 'M', '11B', 968);
INSERT INTO students (studentId, "name", surname, birthdate, gender, class, point) VALUES (226, 'Nelson', 'Young', CAST('2001-02-03' AS Date), 'M', '12B', 764);
INSERT INTO students (studentId, "name", surname, birthdate, gender, class, point) VALUES (227, 'Waylon', 'Martin', CAST('1999-09-02' AS Date), 'M', '9B', 385);
INSERT INTO students (studentId, "name", surname, birthdate, gender, class, point) VALUES (228, 'Haley', 'Lee', CAST('2000-05-16' AS Date), 'F', '11D', 746);
INSERT INTO students (studentId, "name", surname, birthdate, gender, class, point) VALUES (229, 'Long', 'Adams', CAST('1999-05-17' AS Date), 'M', '9E', 624);
INSERT INTO students (studentId, "name", surname, birthdate, gender, class, point) VALUES (230, 'Bryson', 'Wilkinson', CAST('2000-03-04' AS Date), 'M', '9B', 529);
INSERT INTO students (studentId, "name", surname, birthdate, gender, class, point) VALUES (231, 'Colby', 'Hill', CAST('2000-01-17' AS Date), 'M', '12C', 434);
INSERT INTO students (studentId, "name", surname, birthdate, gender, class, point) VALUES (232, 'Piper', 'Corbyn', CAST('2001-06-21' AS Date), 'F', '11E', 347);
INSERT INTO students (studentId, "name", surname, birthdate, gender, class, point) VALUES (233, 'Braden', 'Bell', CAST('2001-03-20' AS Date), 'M', '9C', 686);
INSERT INTO students (studentId, "name", surname, birthdate, gender, class, point) VALUES (234, 'Harvey', 'Wood', CAST('1999-09-18' AS Date), 'M', '11B', 99);
INSERT INTO students (studentId, "name", surname, birthdate, gender, class, point) VALUES (235, 'Hadleigh', 'Hall', CAST('2001-06-17' AS Date), 'F', '11C', 605);
INSERT INTO students (studentId, "name", surname, birthdate, gender, class, point) VALUES (236, 'Ford', 'Carter', CAST('1999-11-08' AS Date), 'M', '9D', 567);
INSERT INTO students (studentId, "name", surname, birthdate, gender, class, point) VALUES (237, 'Acors', 'Anderson', CAST('1999-02-16' AS Date), 'F', '10B', 590);
INSERT INTO students (studentId, "name", surname, birthdate, gender, class, point) VALUES (238, 'Airington', 'Moore', CAST('2000-10-31' AS Date), 'F', '10E', 849);
INSERT INTO students (studentId, "name", surname, birthdate, gender, class, point) VALUES (239, 'Harley', 'Richardson', CAST('2001-06-30' AS Date), 'F', '12C', 41);
INSERT INTO students (studentId, "name", surname, birthdate, gender, class, point) VALUES (240, 'Cade', 'Bailey', CAST('2000-01-01' AS Date), 'M', '9C', 764);
INSERT INTO students (studentId, "name", surname, birthdate, gender, class, point) VALUES (241, 'Raymond', 'Martin', CAST('2001-05-03' AS Date), 'M', '11C', 237);
INSERT INTO students (studentId, "name", surname, birthdate, gender, class, point) VALUES (242, 'Isabell', 'White', CAST('1999-12-20' AS Date), 'F', '10E', 442);
INSERT INTO students (studentId, "name", surname, birthdate, gender, class, point) VALUES (243, 'Eddie', 'Lee', CAST('1999-02-18' AS Date), 'M', '9C', 917);
INSERT INTO students (studentId, "name", surname, birthdate, gender, class, point) VALUES (244, 'Tucker', 'Robinson', CAST('2001-03-24' AS Date), 'M', '12E', 594);
INSERT INTO students (studentId, "name", surname, birthdate, gender, class, point) VALUES (245, 'Alden', 'Jackson', CAST('2000-11-03' AS Date), 'F', '9D', 521);
INSERT INTO students (studentId, "name", surname, birthdate, gender, class, point) VALUES (246, 'Adams', 'Richardson', CAST('1999-07-08' AS Date), 'F', '12C', 383);
INSERT INTO students (studentId, "name", surname, birthdate, gender, class, point) VALUES (247, 'Rivera', 'Watson', CAST('2000-08-04' AS Date), 'M', '12A', 973);
INSERT INTO students (studentId, "name", surname, birthdate, gender, class, point) VALUES (248, 'Adrian', 'Clarke', CAST('2000-10-15' AS Date), 'F', '10E', 584);
INSERT INTO students (studentId, "name", surname, birthdate, gender, class, point) VALUES (249, 'Adney', 'Ward', CAST('2000-09-24' AS Date), 'F', '11A', 435);
INSERT INTO students (studentId, "name", surname, birthdate, gender, class, point) VALUES (250, 'Hailey', 'Gray', CAST('2001-09-03' AS Date), 'F', '12D', 135);
INSERT INTO students (studentId, "name", surname, birthdate, gender, class, point) VALUES (251, 'Ady', 'Anderson', CAST('2000-08-05' AS Date), 'F', '11D', 811);
INSERT INTO students (studentId, "name", surname, birthdate, gender, class, point) VALUES (252, 'Madyson', 'Hall', CAST('2000-06-25' AS Date), 'F', '9C', 465);
INSERT INTO students (studentId, "name", surname, birthdate, gender, class, point) VALUES (253, 'Wilson', 'Cooper', CAST('2000-08-12' AS Date), 'M', '9A', 273);
INSERT INTO students (studentId, "name", surname, birthdate, gender, class, point) VALUES (254, 'Weston', 'Chapman', CAST('1999-06-08' AS Date), 'M', '12E', 111);
INSERT INTO students (studentId, "name", surname, birthdate, gender, class, point) VALUES (255, 'Evans', 'Robinson', CAST('2000-09-26' AS Date), 'M', '9C', 60);
INSERT INTO students (studentId, "name", surname, birthdate, gender, class, point) VALUES (256, 'Gonzales', 'Cook', CAST('1999-11-21' AS Date), 'M', '12A', 427);
INSERT INTO students (studentId, "name", surname, birthdate, gender, class, point) VALUES (257, 'Audrey', 'Allen', CAST('2000-09-05' AS Date), 'F', '9A', 52);
INSERT INTO students (studentId, "name", surname, birthdate, gender, class, point) VALUES (258, 'Willow', 'Bell', CAST('2000-11-29' AS Date), 'F', '9E', 948);
INSERT INTO students (studentId, "name", surname, birthdate, gender, class, point) VALUES (259, 'Alders', 'Cox', CAST('1999-12-08' AS Date), 'F', '10E', 570);
INSERT INTO students (studentId, "name", surname, birthdate, gender, class, point) VALUES (260, 'Essence', 'Bennett', CAST('2000-11-22' AS Date), 'F', '12C', 240);
INSERT INTO students (studentId, "name", surname, birthdate, gender, class, point) VALUES (261, 'Marley', 'Shaw', CAST('2001-08-06' AS Date), 'F', '10A', 914);
INSERT INTO students (studentId, "name", surname, birthdate, gender, class, point) VALUES (262, 'Addy', 'Taylor', CAST('2001-02-17' AS Date), 'F', '10D', 260);
INSERT INTO students (studentId, "name", surname, birthdate, gender, class, point) VALUES (263, 'Rivera', 'Moore', CAST('2000-04-25' AS Date), 'M', '12B', 327);
INSERT INTO students (studentId, "name", surname, birthdate, gender, class, point) VALUES (264, 'Rogers', 'Taylor', CAST('2001-06-19' AS Date), 'M', '9C', 587);
INSERT INTO students (studentId, "name", surname, birthdate, gender, class, point) VALUES (265, 'Lawson', 'Young', CAST('1999-10-02' AS Date), 'M', '11D', 87);
INSERT INTO students (studentId, "name", surname, birthdate, gender, class, point) VALUES (266, 'Maddison', 'Thompson', CAST('1999-08-01' AS Date), 'F', '12C', 609);
INSERT INTO students (studentId, "name", surname, birthdate, gender, class, point) VALUES (267, 'Alden', 'Collins', CAST('2000-11-03' AS Date), 'M', '9D', 647);
INSERT INTO students (studentId, "name", surname, birthdate, gender, class, point) VALUES (268, 'Ackland', 'Baker', CAST('2000-01-21' AS Date), 'F', '12C', 290);
INSERT INTO students (studentId, "name", surname, birthdate, gender, class, point) VALUES (269, 'Ashley', 'Robinson', CAST('1999-01-30' AS Date), 'F', '12E', 627);
INSERT INTO students (studentId, "name", surname, birthdate, gender, class, point) VALUES (270, 'Daxton', 'Clarke', CAST('2000-05-21' AS Date), 'M', '10B', 296);
INSERT INTO students (studentId, "name", surname, birthdate, gender, class, point) VALUES (271, 'Addington', 'Turner', CAST('2001-01-13' AS Date), 'F', '12A', 972);
INSERT INTO students (studentId, "name", surname, birthdate, gender, class, point) VALUES (272, 'Addie', 'Harris', CAST('2001-04-24' AS Date), 'F', '12C', 882);
INSERT INTO students (studentId, "name", surname, birthdate, gender, class, point) VALUES (273, 'Hayes', 'Wright', CAST('2001-03-27' AS Date), 'M', '9D', 664);
INSERT INTO students (studentId, "name", surname, birthdate, gender, class, point) VALUES (274, 'Long', 'Wright', CAST('1999-03-19' AS Date), 'M', '10D', 699);
INSERT INTO students (studentId, "name", surname, birthdate, gender, class, point) VALUES (275, 'Haven', 'Richardson', CAST('2001-03-25' AS Date), 'F', '9E', 956);
INSERT INTO students (studentId, "name", surname, birthdate, gender, class, point) VALUES (276, 'Alexander', 'Turner', CAST('1999-04-23' AS Date), 'M', '12E', 615);
INSERT INTO students (studentId, "name", surname, birthdate, gender, class, point) VALUES (277, 'Taylor', 'Green', CAST('1999-07-25' AS Date), 'M', '9B', 408);
INSERT INTO students (studentId, "name", surname, birthdate, gender, class, point) VALUES (278, 'Harlee', 'Chapman', CAST('1999-10-02' AS Date), 'F', '10A', 482);
INSERT INTO students (studentId, "name", surname, birthdate, gender, class, point) VALUES (279, 'Joyce', 'Chapman', CAST('2001-04-06' AS Date), 'F', '12E', 714);
INSERT INTO students (studentId, "name", surname, birthdate, gender, class, point) VALUES (280, 'Edwin', 'Moore', CAST('2001-06-20' AS Date), 'M', '11A', 259);
INSERT INTO students (studentId, "name", surname, birthdate, gender, class, point) VALUES (281, 'Hadley', 'Moore', CAST('2001-05-02' AS Date), 'F', '12C', 887);
INSERT INTO students (studentId, "name", surname, birthdate, gender, class, point) VALUES (282, 'Heaven', 'Hall', CAST('2000-07-18' AS Date), 'F', '11D', 117);
INSERT INTO students (studentId, "name", surname, birthdate, gender, class, point) VALUES (283, 'Ady', 'Anderson', CAST('2000-08-18' AS Date), 'F', '10D', 649);
INSERT INTO students (studentId, "name", surname, birthdate, gender, class, point) VALUES (284, 'Marley', 'Gray', CAST('1999-12-19' AS Date), 'F', '9D', 880);
INSERT INTO students (studentId, "name", surname, birthdate, gender, class, point) VALUES (285, 'Watson', 'Chapman', CAST('1999-10-29' AS Date), 'M', '9C', 742);
INSERT INTO students (studentId, "name", surname, birthdate, gender, class, point) VALUES (286, 'Agate', 'Ward', CAST('2001-01-29' AS Date), 'F', '11E', 862);
INSERT INTO students (studentId, "name", surname, birthdate, gender, class, point) VALUES (287, 'Arthur', 'Green', CAST('2000-02-01' AS Date), 'M', '12C', 937);
INSERT INTO students (studentId, "name", surname, birthdate, gender, class, point) VALUES (288, 'Rae', 'Harrison', CAST('2000-12-16' AS Date), 'F', '9E', 129);
INSERT INTO students (studentId, "name", surname, birthdate, gender, class, point) VALUES (289, 'Alder', 'Parker', CAST('1999-07-26' AS Date), 'F', '10D', 51);
INSERT INTO students (studentId, "name", surname, birthdate, gender, class, point) VALUES (290, 'Landon', 'Lee', CAST('2000-08-21' AS Date), 'M', '9D', 156);
INSERT INTO students (studentId, "name", surname, birthdate, gender, class, point) VALUES (291, 'Addison', 'Wilkinson', CAST('2000-02-26' AS Date), 'M', '12D', 469);
INSERT INTO students (studentId, "name", surname, birthdate, gender, class, point) VALUES (292, 'Abrahams', 'Bailey', CAST('2001-05-12' AS Date), 'F', '9C', 200);
INSERT INTO students (studentId, "name", surname, birthdate, gender, class, point) VALUES (293, 'Acomb', 'Marshall', CAST('2000-01-28' AS Date), 'F', '11E', 570);
INSERT INTO students (studentId, "name", surname, birthdate, gender, class, point) VALUES (294, 'Hadleigh', 'Clarke', CAST('2000-12-16' AS Date), 'F', '12D', 564);
INSERT INTO students (studentId, "name", surname, birthdate, gender, class, point) VALUES (295, 'Jolene', 'Chapman', CAST('2000-04-15' AS Date), 'F', '9A', 630);
INSERT INTO students (studentId, "name", surname, birthdate, gender, class, point) VALUES (296, 'Chance', 'Watson', CAST('2000-03-26' AS Date), 'M', '10B', 605);
INSERT INTO students (studentId, "name", surname, birthdate, gender, class, point) VALUES (297, 'Ramirez', 'Cook', CAST('2000-07-01' AS Date), 'M', '9A', 140);
INSERT INTO students (studentId, "name", surname, birthdate, gender, class, point) VALUES (298, 'Akers', 'Hall', CAST('1999-06-29' AS Date), 'F', '9E', 496);
INSERT INTO students (studentId, "name", surname, birthdate, gender, class, point) VALUES (299, 'Afton', 'Moore', CAST('2001-01-01' AS Date), 'F', '11D', 146);
INSERT INTO students (studentId, "name", surname, birthdate, gender, class, point) VALUES (300, 'Parker', 'Baker', CAST('2001-08-11' AS Date), 'M', '12B', 711);
INSERT INTO students (studentId, "name", surname, birthdate, gender, class, point) VALUES (301, 'Hollie', 'Walker', CAST('1999-11-18' AS Date), 'F', '11D', 31);
INSERT INTO students (studentId, "name", surname, birthdate, gender, class, point) VALUES (302, 'Davis', 'Harrison', CAST('2000-11-04' AS Date), 'M', '9E', 28);
INSERT INTO students (studentId, "name", surname, birthdate, gender, class, point) VALUES (303, 'Hailee', 'Allen', CAST('1999-09-11' AS Date), 'F', '10B', 653);
INSERT INTO students (studentId, "name", surname, birthdate, gender, class, point) VALUES (304, 'Perez', 'King', CAST('2001-02-01' AS Date), 'M', '9D', 407);
INSERT INTO students (studentId, "name", surname, birthdate, gender, class, point) VALUES (305, 'Albury', 'Bennett', CAST('2000-01-22' AS Date), 'F', '9A', 161);
INSERT INTO students (studentId, "name", surname, birthdate, gender, class, point) VALUES (306, 'Ella', 'Bell', CAST('2001-07-10' AS Date), 'F', '9D', 708);
INSERT INTO students (studentId, "name", surname, birthdate, gender, class, point) VALUES (307, 'Madison', 'Brown', CAST('1999-10-08' AS Date), 'F', '12E', 382);
INSERT INTO students (studentId, "name", surname, birthdate, gender, class, point) VALUES (308, 'Wright', 'Anderson', CAST('2000-06-03' AS Date), 'M', '12E', 539);
INSERT INTO students (studentId, "name", surname, birthdate, gender, class, point) VALUES (309, 'Payton', 'Parker', CAST('2000-07-04' AS Date), 'F', '9E', 76);
INSERT INTO students (studentId, "name", surname, birthdate, gender, class, point) VALUES (310, 'Aguillard', 'Smith', CAST('1999-01-08' AS Date), 'F', '11D', 915);
INSERT INTO students (studentId, "name", surname, birthdate, gender, class, point) VALUES (311, 'Brooke', 'Carter', CAST('2001-04-20' AS Date), 'F', '11A', 770);
INSERT INTO students (studentId, "name", surname, birthdate, gender, class, point) VALUES (312, 'Tate', 'Baker', CAST('2000-05-11' AS Date), 'M', '11A', 201);
INSERT INTO students (studentId, "name", surname, birthdate, gender, class, point) VALUES (313, 'Boston', 'Moore', CAST('2001-09-11' AS Date), 'M', '11D', 879);
INSERT INTO students (studentId, "name", surname, birthdate, gender, class, point) VALUES (314, 'Finley', 'Hill', CAST('2000-03-02' AS Date), 'M', '9B', 73);
INSERT INTO students (studentId, "name", surname, birthdate, gender, class, point) VALUES (315, 'Wayne', 'White', CAST('1999-09-14' AS Date), 'M', '11A', 803);
INSERT INTO students (studentId, "name", surname, birthdate, gender, class, point) VALUES (316, 'Reed', 'Hill', CAST('1999-08-05' AS Date), 'M', '12C', 158);
INSERT INTO students (studentId, "name", surname, birthdate, gender, class, point) VALUES (317, 'Iva', 'Anderson', CAST('1999-11-23' AS Date), 'F', '10D', 475);
INSERT INTO students (studentId, "name", surname, birthdate, gender, class, point) VALUES (318, 'Nelson', 'Bell', CAST('1999-06-10' AS Date), 'M', '11C', 481);
INSERT INTO students (studentId, "name", surname, birthdate, gender, class, point) VALUES (319, 'Cooper', 'Taylor', CAST('1999-06-09' AS Date), 'M', '11E', 266);
INSERT INTO students (studentId, "name", surname, birthdate, gender, class, point) VALUES (320, 'Marlee', 'Chapman', CAST('1999-01-14' AS Date), 'F', '9C', 228);
INSERT INTO students (studentId, "name", surname, birthdate, gender, class, point) VALUES (321, 'Colson', 'Smith', CAST('2001-09-19' AS Date), 'M', '12C', 305);
INSERT INTO students (studentId, "name", surname, birthdate, gender, class, point) VALUES (322, 'Scott', 'Hill', CAST('2001-08-04' AS Date), 'M', '9D', 273);
INSERT INTO students (studentId, "name", surname, birthdate, gender, class, point) VALUES (323, 'Scott', 'Carter', CAST('2000-10-24' AS Date), 'M', '12D', 997);
INSERT INTO students (studentId, "name", surname, birthdate, gender, class, point) VALUES (324, 'Queen', 'Brown', CAST('2001-02-27' AS Date), 'F', '11C', 402);
INSERT INTO students (studentId, "name", surname, birthdate, gender, class, point) VALUES (325, 'Albert', 'Cooper', CAST('1999-11-12' AS Date), 'F', '12E', 203);
INSERT INTO students (studentId, "name", surname, birthdate, gender, class, point) VALUES (326, 'Campbell', 'Turner', CAST('2000-05-18' AS Date), 'M', '9E', 448);
INSERT INTO students (studentId, "name", surname, birthdate, gender, class, point) VALUES (327, 'Braden', 'Davis', CAST('2000-08-29' AS Date), 'M', '10B', 616);
INSERT INTO students (studentId, "name", surname, birthdate, gender, class, point) VALUES (328, 'Lee', 'Turner', CAST('2001-05-19' AS Date), 'M', '10E', 509);
INSERT INTO students (studentId, "name", surname, birthdate, gender, class, point) VALUES (329, 'Joyce', 'Corbyn', CAST('2001-08-21' AS Date), 'F', '10B', 726);
INSERT INTO students (studentId, "name", surname, birthdate, gender, class, point) VALUES (330, 'Landon', 'King', CAST('1999-10-10' AS Date), 'M', '11C', 697);
INSERT INTO students (studentId, "name", surname, birthdate, gender, class, point) VALUES (331, 'Kimberly', 'Young', CAST('2001-06-30' AS Date), 'F', '12C', 724);
INSERT INTO students (studentId, "name", surname, birthdate, gender, class, point) VALUES (332, 'Acomb', 'Harris', CAST('1999-11-27' AS Date), 'F', '9D', 999);
INSERT INTO students (studentId, "name", surname, birthdate, gender, class, point) VALUES (333, 'Tyler', 'Carter', CAST('2000-03-28' AS Date), 'F', '12B', 850);
INSERT INTO students (studentId, "name", surname, birthdate, gender, class, point) VALUES (334, 'Henderson', 'Jackson', CAST('1999-10-29' AS Date), 'M', '9A', 303);
INSERT INTO students (studentId, "name", surname, birthdate, gender, class, point) VALUES (335, 'Adwell', 'Turner', CAST('1999-01-23' AS Date), 'F', '10D', 191);
INSERT INTO students (studentId, "name", surname, birthdate, gender, class, point) VALUES (336, 'Ainsworth', 'King', CAST('2000-08-12' AS Date), 'F', '9C', 899);
INSERT INTO students (studentId, "name", surname, birthdate, gender, class, point) VALUES (337, 'Summer', 'Ward', CAST('1999-01-22' AS Date), 'F', '9A', 273);
INSERT INTO students (studentId, "name", surname, birthdate, gender, class, point) VALUES (338, 'Edgar', 'Carter', CAST('1999-11-02' AS Date), 'M', '11D', 948);
INSERT INTO students (studentId, "name", surname, birthdate, gender, class, point) VALUES (339, 'Abdon', 'Corbyn', CAST('1999-04-11' AS Date), 'F', '12D', 310);
INSERT INTO students (studentId, "name", surname, birthdate, gender, class, point) VALUES (340, 'Jo', 'Jackson', CAST('2000-02-28' AS Date), 'F', '11E', 731);
INSERT INTO students (studentId, "name", surname, birthdate, gender, class, point) VALUES (341, 'Stanley', 'Marshall', CAST('2000-04-20' AS Date), 'M', '11B', 199);
INSERT INTO students (studentId, "name", surname, birthdate, gender, class, point) VALUES (342, 'Raymond', 'Foster', CAST('2000-04-16' AS Date), 'M', '12C', 96);
INSERT INTO students (studentId, "name", surname, birthdate, gender, class, point) VALUES (343, 'Acomb', 'Cooper', CAST('1999-12-07' AS Date), 'F', '10D', 583);
INSERT INTO students (studentId, "name", surname, birthdate, gender, class, point) VALUES (344, 'Agate', 'Foster', CAST('2001-03-07' AS Date), 'F', '12A', 175);
INSERT INTO students (studentId, "name", surname, birthdate, gender, class, point) VALUES (345, 'Tatum', 'Hall', CAST('1999-08-06' AS Date), 'F', '12A', 171);
INSERT INTO students (studentId, "name", surname, birthdate, gender, class, point) VALUES (346, 'Kailynn', 'Gray', CAST('2000-08-06' AS Date), 'F', '12A', 131);
INSERT INTO students (studentId, "name", surname, birthdate, gender, class, point) VALUES (347, 'Hadley', 'Smith', CAST('1999-05-28' AS Date), 'M', '10C', 717);
INSERT INTO students (studentId, "name", surname, birthdate, gender, class, point) VALUES (348, 'Denver', 'Harris', CAST('1999-05-04' AS Date), 'F', '9E', 717);
INSERT INTO students (studentId, "name", surname, birthdate, gender, class, point) VALUES (349, 'Dalton', 'Carter', CAST('2000-01-08' AS Date), 'M', '10B', 278);
INSERT INTO students (studentId, "name", surname, birthdate, gender, class, point) VALUES (350, 'Sadie', 'Marshall', CAST('1999-10-22' AS Date), 'F', '11B', 797);
INSERT INTO students (studentId, "name", surname, birthdate, gender, class, point) VALUES (351, 'Hayes', 'Martin', CAST('2000-08-19' AS Date), 'M', '11B', 572);
INSERT INTO students (studentId, "name", surname, birthdate, gender, class, point) VALUES (352, 'Amber', 'Hill', CAST('1999-06-19' AS Date), 'F', '11E', 460);
INSERT INTO students (studentId, "name", surname, birthdate, gender, class, point) VALUES (353, 'Washington', 'Gray', CAST('2001-03-08' AS Date), 'M', '10C', 968);
INSERT INTO students (studentId, "name", surname, birthdate, gender, class, point) VALUES (354, 'Brennan', 'Carter', CAST('1999-09-29' AS Date), 'M', '9E', 213);
INSERT INTO students (studentId, "name", surname, birthdate, gender, class, point) VALUES (355, 'Wesley', 'Richardson', CAST('2001-02-24' AS Date), 'M', '11C', 110);
INSERT INTO students (studentId, "name", surname, birthdate, gender, class, point) VALUES (356, 'Abbott', 'Bailey', CAST('2000-11-14' AS Date), 'F', '9B', 186);
INSERT INTO students (studentId, "name", surname, birthdate, gender, class, point) VALUES (357, 'Jenkins', 'Bennett', CAST('2001-07-29' AS Date), 'M', '9D', 506);
INSERT INTO students (studentId, "name", surname, birthdate, gender, class, point) VALUES (358, 'Agers', 'Richardson', CAST('1999-08-16' AS Date), 'F', '10A', 323);
INSERT INTO students (studentId, "name", surname, birthdate, gender, class, point) VALUES (359, 'Farrah', 'Turner', CAST('2001-04-22' AS Date), 'F', '10C', 887);
INSERT INTO students (studentId, "name", surname, birthdate, gender, class, point) VALUES (360, 'Adcock', 'Robinson', CAST('1999-07-21' AS Date), 'F', '12A', 306);
INSERT INTO students (studentId, "name", surname, birthdate, gender, class, point) VALUES (361, 'Dana', 'Marshall', CAST('1999-11-15' AS Date), 'F', '11C', 365);
INSERT INTO students (studentId, "name", surname, birthdate, gender, class, point) VALUES (362, 'Joyce', 'Allen', CAST('1999-08-09' AS Date), 'F', '11E', 635);
INSERT INTO students (studentId, "name", surname, birthdate, gender, class, point) VALUES (363, 'Essence', 'Green', CAST('2001-04-17' AS Date), 'F', '12C', 894);
INSERT INTO students (studentId, "name", surname, birthdate, gender, class, point) VALUES (364, 'Adgate', 'Clarke', CAST('2001-05-07' AS Date), 'F', '9E', 708);
INSERT INTO students (studentId, "name", surname, birthdate, gender, class, point) VALUES (365, 'Diaz', 'Wright', CAST('1999-10-17' AS Date), 'M', '9C', 21);
INSERT INTO students (studentId, "name", surname, birthdate, gender, class, point) VALUES (366, 'Thomas', 'Parker', CAST('2000-01-15' AS Date), 'M', '10D', 641);
INSERT INTO students (studentId, "name", surname, birthdate, gender, class, point) VALUES (367, 'Russell', 'Jackson', CAST('2000-08-05' AS Date), 'M', '11C', 957);
INSERT INTO students (studentId, "name", surname, birthdate, gender, class, point) VALUES (368, 'Moore', 'Baker', CAST('2001-09-11' AS Date), 'M', '9D', 861);
INSERT INTO students (studentId, "name", surname, birthdate, gender, class, point) VALUES (369, 'Beverly', 'Shaw', CAST('1999-08-09' AS Date), 'F', '10E', 447);
INSERT INTO students (studentId, "name", surname, birthdate, gender, class, point) VALUES (370, 'Nash', 'Collins', CAST('2000-04-23' AS Date), 'M', '10A', 678);
INSERT INTO students (studentId, "name", surname, birthdate, gender, class, point) VALUES (371, 'Howard', 'Hill', CAST('1999-02-21' AS Date), 'M', '12C', 583);
INSERT INTO students (studentId, "name", surname, birthdate, gender, class, point) VALUES (372, 'Ackroyd', 'Adams', CAST('2000-05-15' AS Date), 'F', '12D', 140);
INSERT INTO students (studentId, "name", surname, birthdate, gender, class, point) VALUES (373, 'Ainsley', 'Carter', CAST('1999-12-30' AS Date), 'F', '9C', 155);
INSERT INTO students (studentId, "name", surname, birthdate, gender, class, point) VALUES (374, 'Rylie', 'Taylor', CAST('2001-03-26' AS Date), 'F', '12A', 109);
INSERT INTO students (studentId, "name", surname, birthdate, gender, class, point) VALUES (375, 'Ackerley', 'Mitchell', CAST('1999-10-30' AS Date), 'F', '10D', 638);
INSERT INTO students (studentId, "name", surname, birthdate, gender, class, point) VALUES (376, 'Albert', 'Johnson', CAST('2000-01-27' AS Date), 'F', '12E', 896);
INSERT INTO students (studentId, "name", surname, birthdate, gender, class, point) VALUES (377, 'Albin', 'Shaw', CAST('2001-02-23' AS Date), 'F', '11E', 737);
INSERT INTO students (studentId, "name", surname, birthdate, gender, class, point) VALUES (378, 'Dev', 'Chapman', CAST('2000-07-02' AS Date), 'M', '10D', 14);
INSERT INTO students (studentId, "name", surname, birthdate, gender, class, point) VALUES (379, 'Ackroyd', 'Watson', CAST('2001-09-20' AS Date), 'F', '11C', 276);
INSERT INTO students (studentId, "name", surname, birthdate, gender, class, point) VALUES (380, 'Brooklyn', 'Chapman', CAST('1999-02-01' AS Date), 'F', '9E', 745);
INSERT INTO students (studentId, "name", surname, birthdate, gender, class, point) VALUES (381, 'Hunter', 'Taylor', CAST('2000-09-17' AS Date), 'M', '10D', 883);
INSERT INTO students (studentId, "name", surname, birthdate, gender, class, point) VALUES (382, 'Ackerley', 'Adams', CAST('2001-06-03' AS Date), 'F', '11C', 245);
INSERT INTO students (studentId, "name", surname, birthdate, gender, class, point) VALUES (383, 'Acors', 'Walker', CAST('2000-11-12' AS Date), 'F', '12B', 95);
INSERT INTO students (studentId, "name", surname, birthdate, gender, class, point) VALUES (384, 'Stanley', 'Thompson', CAST('2001-01-16' AS Date), 'M', '11E', 794);
INSERT INTO students (studentId, "name", surname, birthdate, gender, class, point) VALUES (385, 'Watson', 'Miller', CAST('2000-06-05' AS Date), 'M', '11A', 465);
INSERT INTO students (studentId, "name", surname, birthdate, gender, class, point) VALUES (386, 'Madyson', 'Wright', CAST('2000-04-08' AS Date), 'F', '12D', 466);
INSERT INTO students (studentId, "name", surname, birthdate, gender, class, point) VALUES (387, 'Green', 'Bell', CAST('2000-02-06' AS Date), 'M', '11C', 35);
INSERT INTO students (studentId, "name", surname, birthdate, gender, class, point) VALUES (388, 'Roberts', 'Wright', CAST('2000-03-18' AS Date), 'M', '12C', 935);
INSERT INTO students (studentId, "name", surname, birthdate, gender, class, point) VALUES (389, 'Zac', 'Mitchell', CAST('2000-05-30' AS Date), 'M', '9D', 536);
INSERT INTO students (studentId, "name", surname, birthdate, gender, class, point) VALUES (390, 'Taylor', 'Watson', CAST('2000-08-25' AS Date), 'F', '10B', 586);
INSERT INTO students (studentId, "name", surname, birthdate, gender, class, point) VALUES (391, 'Agate', 'Harrison', CAST('1999-12-21' AS Date), 'F', '12B', 894);
INSERT INTO students (studentId, "name", surname, birthdate, gender, class, point) VALUES (392, 'Ronald', 'Foster', CAST('2000-04-16' AS Date), 'M', '12B', 489);
INSERT INTO students (studentId, "name", surname, birthdate, gender, class, point) VALUES (393, 'Akehurst', 'Taylor', CAST('1999-04-27' AS Date), 'F', '12E', 559);
INSERT INTO students (studentId, "name", surname, birthdate, gender, class, point) VALUES (394, 'Peterson', 'Martin', CAST('2001-04-03' AS Date), 'M', '12D', 166);
INSERT INTO students (studentId, "name", surname, birthdate, gender, class, point) VALUES (395, 'Grayson', 'Gray', CAST('2000-10-22' AS Date), 'M', '12B', 578);
INSERT INTO students (studentId, "name", surname, birthdate, gender, class, point) VALUES (396, 'Jett', 'Clark', CAST('2001-05-25' AS Date), 'M', '11D', 712);
INSERT INTO students (studentId, "name", surname, birthdate, gender, class, point) VALUES (397, 'Tucker', 'Cook', CAST('1999-05-09' AS Date), 'M', '10D', 6);
INSERT INTO students (studentId, "name", surname, birthdate, gender, class, point) VALUES (398, 'Ainslie', 'Hall', CAST('1999-06-09' AS Date), 'F', '11E', 915);
INSERT INTO students (studentId, "name", surname, birthdate, gender, class, point) VALUES (399, 'Houston', 'Turner', CAST('2001-08-27' AS Date), 'M', '11E', 807);
INSERT INTO students (studentId, "name", surname, birthdate, gender, class, point) VALUES (400, 'Holly', 'White', CAST('2000-09-03' AS Date), 'F', '12A', 761);
INSERT INTO students (studentId, "name", surname, birthdate, gender, class, point) VALUES (401, 'Brooklyn', 'Wilkinson', CAST('2001-09-06' AS Date), 'M', '10B', 223);
INSERT INTO students (studentId, "name", surname, birthdate, gender, class, point) VALUES (402, 'Dax', 'Bailey', CAST('1999-05-15' AS Date), 'M', '11C', 437);
INSERT INTO students (studentId, "name", surname, birthdate, gender, class, point) VALUES (403, 'Hailee', 'Brown', CAST('2000-06-21' AS Date), 'F', '9A', 309);
INSERT INTO students (studentId, "name", surname, birthdate, gender, class, point) VALUES (404, 'Parker', 'Wright', CAST('2000-07-29' AS Date), 'M', '11C', 902);
INSERT INTO students (studentId, "name", surname, birthdate, gender, class, point) VALUES (405, 'Carter', 'Shaw', CAST('2000-09-21' AS Date), 'M', '11C', 41);
INSERT INTO students (studentId, "name", surname, birthdate, gender, class, point) VALUES (406, 'Dayton', 'Shaw', CAST('2000-06-03' AS Date), 'M', '9D', 607);
INSERT INTO students (studentId, "name", surname, birthdate, gender, class, point) VALUES (407, 'Sanchez', 'Martin', CAST('2001-03-12' AS Date), 'M', '9E', 738);
INSERT INTO students (studentId, "name", surname, birthdate, gender, class, point) VALUES (408, 'Jennifer', 'Parker', CAST('1999-07-15' AS Date), 'F', '10B', 641);
INSERT INTO students (studentId, "name", surname, birthdate, gender, class, point) VALUES (409, 'Wayne', 'Wilkinson', CAST('2001-05-13' AS Date), 'M', '11B', 354);
INSERT INTO students (studentId, "name", surname, birthdate, gender, class, point) VALUES (410, 'Gonzales', 'Taylor', CAST('2000-01-24' AS Date), 'M', '11C', 522);
INSERT INTO students (studentId, "name", surname, birthdate, gender, class, point) VALUES (411, 'Abby', 'Cook', CAST('2000-05-14' AS Date), 'F', '12A', 167);
INSERT INTO students (studentId, "name", surname, birthdate, gender, class, point) VALUES (412, 'Nellie', 'Harrison', CAST('1999-11-18' AS Date), 'F', '10A', 77);
INSERT INTO students (studentId, "name", surname, birthdate, gender, class, point) VALUES (413, 'Thompson', 'Wood', CAST('2000-03-31' AS Date), 'M', '9D', 706);
INSERT INTO students (studentId, "name", surname, birthdate, gender, class, point) VALUES (414, 'Sanders', 'Foster', CAST('2001-05-19' AS Date), 'M', '12B', 39);
INSERT INTO students (studentId, "name", surname, birthdate, gender, class, point) VALUES (415, 'Perry', 'Taylor', CAST('2000-08-28' AS Date), 'M', '11A', 348);
INSERT INTO students (studentId, "name", surname, birthdate, gender, class, point) VALUES (416, 'Dana', 'White', CAST('2001-02-12' AS Date), 'F', '11D', 917);
INSERT INTO students (studentId, "name", surname, birthdate, gender, class, point) VALUES (417, 'Leslie', 'Wright', CAST('1999-11-04' AS Date), 'F', '10E', 572);
INSERT INTO students (studentId, "name", surname, birthdate, gender, class, point) VALUES (418, 'Scarlet', 'Green', CAST('2000-04-15' AS Date), 'F', '12B', 661);
INSERT INTO students (studentId, "name", surname, birthdate, gender, class, point) VALUES (419, 'Ackerly', 'Martin', CAST('1999-01-17' AS Date), 'F', '11B', 999);
INSERT INTO students (studentId, "name", surname, birthdate, gender, class, point) VALUES (420, 'Hunter', 'Bennett', CAST('1999-12-26' AS Date), 'M', '9E', 889);
INSERT INTO students (studentId, "name", surname, birthdate, gender, class, point) VALUES (421, 'Paxton', 'Clark', CAST('2000-05-19' AS Date), 'M', '12D', 186);
INSERT INTO students (studentId, "name", surname, birthdate, gender, class, point) VALUES (422, 'Sterling', 'White', CAST('2001-03-28' AS Date), 'M', '9B', 444);
INSERT INTO students (studentId, "name", surname, birthdate, gender, class, point) VALUES (423, 'Brooke', 'Moore', CAST('2001-04-23' AS Date), 'F', '11B', 641);
INSERT INTO students (studentId, "name", surname, birthdate, gender, class, point) VALUES (424, 'Able', 'Moore', CAST('2000-11-08' AS Date), 'F', '9C', 77);
INSERT INTO students (studentId, "name", surname, birthdate, gender, class, point) VALUES (425, 'Harris', 'Shaw', CAST('2000-04-02' AS Date), 'M', '10C', 521);
INSERT INTO students (studentId, "name", surname, birthdate, gender, class, point) VALUES (426, 'Wesley', 'Harris', CAST('1999-10-21' AS Date), 'M', '12B', 160);
INSERT INTO students (studentId, "name", surname, birthdate, gender, class, point) VALUES (427, 'Teo', 'Corbyn', CAST('1999-12-23' AS Date), 'M', '9C', 214);
INSERT INTO students (studentId, "name", surname, birthdate, gender, class, point) VALUES (428, 'Afton', 'Clark', CAST('2001-05-29' AS Date), 'F', '11E', 857);
INSERT INTO students (studentId, "name", surname, birthdate, gender, class, point) VALUES (429, 'Ember', 'Robinson', CAST('2000-08-10' AS Date), 'F', '11B', 899);
INSERT INTO students (studentId, "name", surname, birthdate, gender, class, point) VALUES (430, 'Tyler', 'Wood', CAST('1999-04-10' AS Date), 'F', '12E', 216);
INSERT INTO students (studentId, "name", surname, birthdate, gender, class, point) VALUES (431, 'Royce', 'Turner', CAST('2000-12-25' AS Date), 'M', '9C', 215);
INSERT INTO students (studentId, "name", surname, birthdate, gender, class, point) VALUES (432, 'Brinley', 'King', CAST('1999-05-10' AS Date), 'F', '12C', 861);
INSERT INTO students (studentId, "name", surname, birthdate, gender, class, point) VALUES (433, 'Emerson', 'Johnson', CAST('2000-05-09' AS Date), 'M', '12E', 803);
INSERT INTO students (studentId, "name", surname, birthdate, gender, class, point) VALUES (434, 'Rodriguez', 'Martin', CAST('2001-06-18' AS Date), 'M', '12A', 730);
INSERT INTO students (studentId, "name", surname, birthdate, gender, class, point) VALUES (435, 'Scarlett', 'Parker', CAST('1999-02-09' AS Date), 'F', '12D', 61);
INSERT INTO students (studentId, "name", surname, birthdate, gender, class, point) VALUES (436, 'Abdon', 'Shaw', CAST('2000-12-11' AS Date), 'F', '10D', 395);
INSERT INTO students (studentId, "name", surname, birthdate, gender, class, point) VALUES (437, 'Akehurst', 'Corbyn', CAST('1999-10-23' AS Date), 'F', '11D', 631);
INSERT INTO students (studentId, "name", surname, birthdate, gender, class, point) VALUES (438, 'Brooks', 'King', CAST('1999-11-02' AS Date), 'M', '12D', 761);
INSERT INTO students (studentId, "name", surname, birthdate, gender, class, point) VALUES (439, 'Colson', 'Wilkinson', CAST('2000-10-30' AS Date), 'M', '11C', 889);
INSERT INTO students (studentId, "name", surname, birthdate, gender, class, point) VALUES (440, 'Jo', 'Thompson', CAST('2000-09-02' AS Date), 'F', '10E', 878);
INSERT INTO students (studentId, "name", surname, birthdate, gender, class, point) VALUES (441, 'Willow', 'Taylor', CAST('1999-05-10' AS Date), 'F', '10B', 360);
INSERT INTO students (studentId, "name", surname, birthdate, gender, class, point) VALUES (442, 'Taylor', 'Bell', CAST('2001-06-24' AS Date), 'M', '10E', 254);
INSERT INTO students (studentId, "name", surname, birthdate, gender, class, point) VALUES (443, 'Stewart', 'Moore', CAST('2001-03-29' AS Date), 'M', '10E', 155);
INSERT INTO students (studentId, "name", surname, birthdate, gender, class, point) VALUES (444, 'Jenna', 'Hill', CAST('2000-06-24' AS Date), 'F', '9D', 184);
INSERT INTO students (studentId, "name", surname, birthdate, gender, class, point) VALUES (445, 'Winter', 'Mitchell', CAST('1999-05-27' AS Date), 'F', '12E', 260);
INSERT INTO students (studentId, "name", surname, birthdate, gender, class, point) VALUES (446, 'Hayden', 'Baker', CAST('2000-12-31' AS Date), 'M', '9D', 432);
INSERT INTO students (studentId, "name", surname, birthdate, gender, class, point) VALUES (447, 'Crosby', 'Richardson', CAST('2000-12-26' AS Date), 'M', '11A', 241);
INSERT INTO students (studentId, "name", surname, birthdate, gender, class, point) VALUES (448, 'Adgate', 'Thompson', CAST('2001-09-13' AS Date), 'F', '10A', 360);
INSERT INTO students (studentId, "name", surname, birthdate, gender, class, point) VALUES (449, 'Wood', 'Wood', CAST('1999-04-17' AS Date), 'M', '9B', 782);
INSERT INTO students (studentId, "name", surname, birthdate, gender, class, point) VALUES (450, 'Abdon', 'Bell', CAST('2000-03-03' AS Date), 'F', '9B', 728);
INSERT INTO students (studentId, "name", surname, birthdate, gender, class, point) VALUES (451, 'Edgar', 'Jackson', CAST('2000-07-26' AS Date), 'M', '10A', 732);
INSERT INTO students (studentId, "name", surname, birthdate, gender, class, point) VALUES (452, 'Addy', 'Moore', CAST('2000-06-13' AS Date), 'F', '9B', 138);
INSERT INTO students (studentId, "name", surname, birthdate, gender, class, point) VALUES (453, 'Brown', 'White', CAST('1999-04-27' AS Date), 'M', '10D', 25);
INSERT INTO students (studentId, "name", surname, birthdate, gender, class, point) VALUES (454, 'Zachariah', 'Allen', CAST('2000-02-02' AS Date), 'M', '10D', 770);
INSERT INTO students (studentId, "name", surname, birthdate, gender, class, point) VALUES (455, 'Arabelle', 'Clark', CAST('2000-01-26' AS Date), 'F', '11B', 785);
INSERT INTO students (studentId, "name", surname, birthdate, gender, class, point) VALUES (456, 'Hughes', 'Bailey', CAST('2001-04-15' AS Date), 'M', '11E', 993);
INSERT INTO students (studentId, "name", surname, birthdate, gender, class, point) VALUES (457, 'Young', 'Adams', CAST('1999-09-28' AS Date), 'M', '10A', 639);
INSERT INTO students (studentId, "name", surname, birthdate, gender, class, point) VALUES (458, 'Hayden', 'Gray', CAST('2000-09-23' AS Date), 'F', '12D', 697);
INSERT INTO students (studentId, "name", surname, birthdate, gender, class, point) VALUES (459, 'Kailynn', 'Corbyn', CAST('2001-08-25' AS Date), 'F', '9E', 644);
INSERT INTO students (studentId, "name", surname, birthdate, gender, class, point) VALUES (460, 'Martin', 'Adams', CAST('1999-02-10' AS Date), 'M', '10E', 118);
INSERT INTO students (studentId, "name", surname, birthdate, gender, class, point) VALUES (461, 'Jackson', 'Hall', CAST('1999-01-14' AS Date), 'M', '12B', 607);
INSERT INTO students (studentId, "name", surname, birthdate, gender, class, point) VALUES (462, 'Pyper', 'Turner', CAST('1999-01-23' AS Date), 'F', '11B', 674);
INSERT INTO students (studentId, "name", surname, birthdate, gender, class, point) VALUES (463, 'Acors', 'Foster', CAST('2000-04-10' AS Date), 'F', '11D', 799);
INSERT INTO students (studentId, "name", surname, birthdate, gender, class, point) VALUES (464, 'Peterson', 'Cooper', CAST('1999-07-16' AS Date), 'M', '11B', 999);
INSERT INTO students (studentId, "name", surname, birthdate, gender, class, point) VALUES (465, 'Journey', 'Lee', CAST('1999-06-25' AS Date), 'F', '11A', 686);
INSERT INTO students (studentId, "name", surname, birthdate, gender, class, point) VALUES (466, 'Hollie', 'Davis', CAST('1999-11-12' AS Date), 'F', '11B', 962);
INSERT INTO students (studentId, "name", surname, birthdate, gender, class, point) VALUES (467, 'Johnson', 'Lee', CAST('2000-03-27' AS Date), 'M', '11A', 981);
INSERT INTO students (studentId, "name", surname, birthdate, gender, class, point) VALUES (468, 'Boston', 'Harrison', CAST('2001-04-29' AS Date), 'M', '12D', 324);
INSERT INTO students (studentId, "name", surname, birthdate, gender, class, point) VALUES (469, 'Bryant', 'Davis', CAST('1999-10-30' AS Date), 'M', '12A', 576);
INSERT INTO students (studentId, "name", surname, birthdate, gender, class, point) VALUES (470, 'Marlee', 'Parker', CAST('2000-08-14' AS Date), 'F', '9E', 619);
INSERT INTO students (studentId, "name", surname, birthdate, gender, class, point) VALUES (471, 'Landen', 'Green', CAST('2000-04-21' AS Date), 'M', '9D', 841);
INSERT INTO students (studentId, "name", surname, birthdate, gender, class, point) VALUES (472, 'Brinley', 'Hill', CAST('1999-07-02' AS Date), 'F', '12A', 237);
INSERT INTO students (studentId, "name", surname, birthdate, gender, class, point) VALUES (473, 'Harrison', 'Shaw', CAST('1999-05-01' AS Date), 'M', '9D', 436);
INSERT INTO students (studentId, "name", surname, birthdate, gender, class, point) VALUES (474, 'Pyper', 'Marshall', CAST('2000-03-09' AS Date), 'F', '10B', 199);
INSERT INTO students (studentId, "name", surname, birthdate, gender, class, point) VALUES (475, 'Emmett', 'Foster', CAST('1999-04-09' AS Date), 'M', '12C', 902);
INSERT INTO students (studentId, "name", surname, birthdate, gender, class, point) VALUES (476, 'Stewart', 'Anderson', CAST('2001-07-10' AS Date), 'M', '11C', 295);
INSERT INTO students (studentId, "name", surname, birthdate, gender, class, point) VALUES (477, 'Tate', 'Collins', CAST('1999-07-08' AS Date), 'M', '11B', 38);
INSERT INTO students (studentId, "name", surname, birthdate, gender, class, point) VALUES (478, 'Kingston', 'Wright', CAST('2000-04-10' AS Date), 'M', '11E', 416);
INSERT INTO students (studentId, "name", surname, birthdate, gender, class, point) VALUES (479, 'Abbitt', 'Harris', CAST('2000-07-29' AS Date), 'F', '9E', 243);
INSERT INTO students (studentId, "name", surname, birthdate, gender, class, point) VALUES (480, 'Arthur', 'Corbyn', CAST('2000-05-11' AS Date), 'M', '10C', 525);
INSERT INTO students (studentId, "name", surname, birthdate, gender, class, point) VALUES (481, 'Ashton', 'Carter', CAST('1999-01-20' AS Date), 'M', '11C', 224);
INSERT INTO students (studentId, "name", surname, birthdate, gender, class, point) VALUES (482, 'Jo', 'King', CAST('1999-12-23' AS Date), 'F', '11D', 687);
INSERT INTO students (studentId, "name", surname, birthdate, gender, class, point) VALUES (483, 'Akehurst', 'Shaw', CAST('1999-03-17' AS Date), 'F', '11A', 98);
INSERT INTO students (studentId, "name", surname, birthdate, gender, class, point) VALUES (484, 'Acors', 'Clarke', CAST('2000-11-15' AS Date), 'F', '11E', 606);
INSERT INTO students (studentId, "name", surname, birthdate, gender, class, point) VALUES (485, 'Ace', 'Collins', CAST('2001-03-26' AS Date), 'F', '9E', 638);
INSERT INTO students (studentId, "name", surname, birthdate, gender, class, point) VALUES (486, 'Marley', 'Jackson', CAST('2001-08-27' AS Date), 'F', '10E', 528);
INSERT INTO students (studentId, "name", surname, birthdate, gender, class, point) VALUES (487, 'Haley', 'Cox', CAST('2000-06-02' AS Date), 'F', '10B', 10);
INSERT INTO students (studentId, "name", surname, birthdate, gender, class, point) VALUES (488, 'Cook', 'Wilkinson', CAST('1999-04-08' AS Date), 'M', '10E', 564);
INSERT INTO students (studentId, "name", surname, birthdate, gender, class, point) VALUES (489, 'Harvey', 'Shaw', CAST('1999-12-17' AS Date), 'M', '11E', 929);
INSERT INTO students (studentId, "name", surname, birthdate, gender, class, point) VALUES (490, 'Aiton', 'White', CAST('2000-12-23' AS Date), 'F', '9E', 880);
INSERT INTO students (studentId, "name", surname, birthdate, gender, class, point) VALUES (491, 'Gray', 'Cooper', CAST('1999-12-31' AS Date), 'M', '11C', 286);
INSERT INTO students (studentId, "name", surname, birthdate, gender, class, point) VALUES (492, 'Harper', 'Parker', CAST('1999-01-24' AS Date), 'M', '10D', 87);
INSERT INTO students (studentId, "name", surname, birthdate, gender, class, point) VALUES (493, 'Colten', 'Harrison', CAST('2001-03-27' AS Date), 'M', '11D', 977);
INSERT INTO students (studentId, "name", surname, birthdate, gender, class, point) VALUES (494, 'Colt', 'Adams', CAST('2001-06-24' AS Date), 'M', '9C', 389);
INSERT INTO students (studentId, "name", surname, birthdate, gender, class, point) VALUES (495, 'Brooke', 'Davis', CAST('2001-04-29' AS Date), 'F', '12D', 77);
INSERT INTO students (studentId, "name", surname, birthdate, gender, class, point) VALUES (496, 'Walker', 'Mitchell', CAST('1999-12-19' AS Date), 'M', '12B', 967);
INSERT INTO students (studentId, "name", surname, birthdate, gender, class, point) VALUES (497, 'Hunter', 'Carter', CAST('2001-09-01' AS Date), 'M', '10B', 945);
INSERT INTO students (studentId, "name", surname, birthdate, gender, class, point) VALUES (498, 'Garcia', 'Richardson', CAST('2000-03-08' AS Date), 'M', '11C', 9);
INSERT INTO students (studentId, "name", surname, birthdate, gender, class, point) VALUES (499, 'Patterson', 'Young', CAST('1999-07-03' AS Date), 'M', '12E', 618);
INSERT INTO students (studentId, "name", surname, birthdate, gender, class, point) VALUES (500, 'Russell', 'Wright', CAST('2000-04-10' AS Date), 'M', '10A', 583);
INSERT INTO students (studentId, "name", surname, birthdate, gender, class, point) VALUES (501, 'Bailey', 'Chapman', CAST('2000-03-21' AS Date), 'M', '11B', 148);
INSERT INTO students (studentId, "name", surname, birthdate, gender, class, point) VALUES (502, 'Keaton', 'Watson', CAST('1999-03-22' AS Date), 'M', '11D', 203);
INSERT INTO students (studentId, "name", surname, birthdate, gender, class, point) VALUES (503, 'Dev', 'Baker', CAST('2000-02-03' AS Date), 'M', '11C', 231);
INSERT INTO students (studentId, "name", surname, birthdate, gender, class, point) VALUES (504, 'Thompson', 'Wright', CAST('2001-07-22' AS Date), 'M', '11B', 334);
INSERT INTO students (studentId, "name", surname, birthdate, gender, class, point) VALUES (505, 'Collins', 'Bailey', CAST('2001-09-11' AS Date), 'M', '11E', 966);

INSERT INTO borrows (borrowId, studentId, bookId, takenDate, broughtDate) VALUES (1, 360, 142, CAST('2015-08-09 13:26:00.000' AS TIMESTAMP(3)), CAST('2015-08-20 06:59:00.000' AS TIMESTAMP(3)));
INSERT INTO borrows (borrowId, studentId, bookId, takenDate, broughtDate) VALUES (2, 308, 131, CAST('2015-08-10 19:44:00.000' AS TIMESTAMP(3)), CAST('2015-08-15 10:46:00.000' AS TIMESTAMP(3)));
INSERT INTO borrows (borrowId, studentId, bookId, takenDate, broughtDate) VALUES (3, 288, 160, CAST('2015-08-10 22:05:00.000' AS TIMESTAMP(3)), CAST('2015-08-19 17:28:00.000' AS TIMESTAMP(3)));
INSERT INTO borrows (borrowId, studentId, bookId, takenDate, broughtDate) VALUES (4, 57, 24, CAST('2015-08-11 02:32:00.000' AS TIMESTAMP(3)), CAST('2015-08-17 15:12:00.000' AS TIMESTAMP(3)));
INSERT INTO borrows (borrowId, studentId, bookId, takenDate, broughtDate) VALUES (5, 504, 110, CAST('2015-08-12 12:05:00.000' AS TIMESTAMP(3)), CAST('2015-08-21 07:16:00.000' AS TIMESTAMP(3)));
INSERT INTO borrows (borrowId, studentId, bookId, takenDate, broughtDate) VALUES (6, 38, 101, CAST('2015-08-12 12:25:00.000' AS TIMESTAMP(3)), CAST('2015-08-18 04:33:00.000' AS TIMESTAMP(3)));
INSERT INTO borrows (borrowId, studentId, bookId, takenDate, broughtDate) VALUES (7, 425, 122, CAST('2015-08-13 13:51:00.000' AS TIMESTAMP(3)), CAST('2015-08-20 09:27:00.000' AS TIMESTAMP(3)));
INSERT INTO borrows (borrowId, studentId, bookId, takenDate, broughtDate) VALUES (8, 363, 64, CAST('2015-08-13 15:58:00.000' AS TIMESTAMP(3)), CAST('2015-08-19 23:10:00.000' AS TIMESTAMP(3)));
INSERT INTO borrows (borrowId, studentId, bookId, takenDate, broughtDate) VALUES (9, 348, 24, CAST('2015-08-18 09:27:00.000' AS TIMESTAMP(3)), CAST('2015-08-28 12:48:00.000' AS TIMESTAMP(3)));
INSERT INTO borrows (borrowId, studentId, bookId, takenDate, broughtDate) VALUES (10, 88, 36, CAST('2015-08-19 22:11:00.000' AS TIMESTAMP(3)), CAST('2015-09-08 06:28:00.000' AS TIMESTAMP(3)));
INSERT INTO borrows (borrowId, studentId, bookId, takenDate, broughtDate) VALUES (11, 19, 111, CAST('2015-08-21 16:39:00.000' AS TIMESTAMP(3)), CAST('2015-08-29 00:28:00.000' AS TIMESTAMP(3)));
INSERT INTO borrows (borrowId, studentId, bookId, takenDate, broughtDate) VALUES (12, 200, 152, CAST('2015-08-21 22:13:00.000' AS TIMESTAMP(3)), CAST('2015-09-02 00:17:00.000' AS TIMESTAMP(3)));
INSERT INTO borrows (borrowId, studentId, bookId, takenDate, broughtDate) VALUES (13, 421, 100, CAST('2015-08-23 16:58:00.000' AS TIMESTAMP(3)), CAST('2015-08-28 11:27:00.000' AS TIMESTAMP(3)));
INSERT INTO borrows (borrowId, studentId, bookId, takenDate, broughtDate) VALUES (14, 216, 26, CAST('2015-08-24 20:06:00.000' AS TIMESTAMP(3)), CAST('2015-09-02 21:56:00.000' AS TIMESTAMP(3)));
INSERT INTO borrows (borrowId, studentId, bookId, takenDate, broughtDate) VALUES (15, 298, 53, CAST('2015-08-24 21:59:00.000' AS TIMESTAMP(3)), CAST('2015-09-05 16:29:00.000' AS TIMESTAMP(3)));
INSERT INTO borrows (borrowId, studentId, bookId, takenDate, broughtDate) VALUES (16, 264, 109, CAST('2015-08-25 00:22:00.000' AS TIMESTAMP(3)), CAST('2015-08-28 19:06:00.000' AS TIMESTAMP(3)));
INSERT INTO borrows (borrowId, studentId, bookId, takenDate, broughtDate) VALUES (17, 499, 62, CAST('2015-08-25 12:12:00.000' AS TIMESTAMP(3)), CAST('2015-09-05 10:26:00.000' AS TIMESTAMP(3)));
INSERT INTO borrows (borrowId, studentId, bookId, takenDate, broughtDate) VALUES (18, 211, 120, CAST('2015-08-28 19:57:00.000' AS TIMESTAMP(3)), CAST('2015-09-05 10:39:00.000' AS TIMESTAMP(3)));
INSERT INTO borrows (borrowId, studentId, bookId, takenDate, broughtDate) VALUES (19, 332, 91, CAST('2015-08-30 00:37:00.000' AS TIMESTAMP(3)), CAST('2015-09-18 08:46:00.000' AS TIMESTAMP(3)));
INSERT INTO borrows (borrowId, studentId, bookId, takenDate, broughtDate) VALUES (20, 66, 150, CAST('2015-08-30 18:51:00.000' AS TIMESTAMP(3)), CAST('2015-09-04 03:32:00.000' AS TIMESTAMP(3)));
INSERT INTO borrows (borrowId, studentId, bookId, takenDate, broughtDate) VALUES (21, 37, 24, CAST('2015-08-31 04:30:00.000' AS TIMESTAMP(3)), CAST('2015-09-17 00:15:00.000' AS TIMESTAMP(3)));
INSERT INTO borrows (borrowId, studentId, bookId, takenDate, broughtDate) VALUES (22, 210, 53, CAST('2015-08-31 14:11:00.000' AS TIMESTAMP(3)), CAST('2015-09-17 23:38:00.000' AS TIMESTAMP(3)));
INSERT INTO borrows (borrowId, studentId, bookId, takenDate, broughtDate) VALUES (23, 253, 139, CAST('2015-09-01 16:59:00.000' AS TIMESTAMP(3)), CAST('2015-09-12 06:07:00.000' AS TIMESTAMP(3)));
INSERT INTO borrows (borrowId, studentId, bookId, takenDate, broughtDate) VALUES (24, 303, 6, CAST('2015-09-01 19:43:00.000' AS TIMESTAMP(3)), CAST('2015-09-04 01:57:00.000' AS TIMESTAMP(3)));
INSERT INTO borrows (borrowId, studentId, bookId, takenDate, broughtDate) VALUES (25, 465, 16, CAST('2015-09-01 23:23:00.000' AS TIMESTAMP(3)), CAST('2015-09-19 19:52:00.000' AS TIMESTAMP(3)));
INSERT INTO borrows (borrowId, studentId, bookId, takenDate, broughtDate) VALUES (26, 349, 75, CAST('2015-09-03 13:37:00.000' AS TIMESTAMP(3)), CAST('2015-09-20 07:56:00.000' AS TIMESTAMP(3)));
INSERT INTO borrows (borrowId, studentId, bookId, takenDate, broughtDate) VALUES (27, 39, 106, CAST('2015-09-05 07:19:00.000' AS TIMESTAMP(3)), CAST('2015-09-20 03:55:00.000' AS TIMESTAMP(3)));
INSERT INTO borrows (borrowId, studentId, bookId, takenDate, broughtDate) VALUES (28, 482, 122, CAST('2015-09-05 14:32:00.000' AS TIMESTAMP(3)), CAST('2015-09-16 04:40:00.000' AS TIMESTAMP(3)));
INSERT INTO borrows (borrowId, studentId, bookId, takenDate, broughtDate) VALUES (29, 143, 20, CAST('2015-09-05 19:41:00.000' AS TIMESTAMP(3)), CAST('2015-09-10 17:03:00.000' AS TIMESTAMP(3)));
INSERT INTO borrows (borrowId, studentId, bookId, takenDate, broughtDate) VALUES (30, 88, 148, CAST('2015-09-05 21:37:00.000' AS TIMESTAMP(3)), CAST('2015-09-22 16:38:00.000' AS TIMESTAMP(3)));
INSERT INTO borrows (borrowId, studentId, bookId, takenDate, broughtDate) VALUES (31, 173, 3, CAST('2015-09-06 05:03:00.000' AS TIMESTAMP(3)), CAST('2015-09-18 11:32:00.000' AS TIMESTAMP(3)));
INSERT INTO borrows (borrowId, studentId, bookId, takenDate, broughtDate) VALUES (32, 190, 141, CAST('2015-09-06 16:51:00.000' AS TIMESTAMP(3)), CAST('2015-09-17 22:16:00.000' AS TIMESTAMP(3)));
INSERT INTO borrows (borrowId, studentId, bookId, takenDate, broughtDate) VALUES (33, 368, 93, CAST('2015-09-07 16:16:00.000' AS TIMESTAMP(3)), CAST('2015-09-17 14:53:00.000' AS TIMESTAMP(3)));
INSERT INTO borrows (borrowId, studentId, bookId, takenDate, broughtDate) VALUES (34, 416, 97, CAST('2015-09-08 02:42:00.000' AS TIMESTAMP(3)), CAST('2015-09-24 19:18:00.000' AS TIMESTAMP(3)));
INSERT INTO borrows (borrowId, studentId, bookId, takenDate, broughtDate) VALUES (35, 374, 90, CAST('2015-09-08 23:12:00.000' AS TIMESTAMP(3)), CAST('2015-09-25 17:52:00.000' AS TIMESTAMP(3)));
INSERT INTO borrows (borrowId, studentId, bookId, takenDate, broughtDate) VALUES (36, 389, 146, CAST('2015-09-10 11:58:00.000' AS TIMESTAMP(3)), CAST('2015-09-27 21:18:00.000' AS TIMESTAMP(3)));
INSERT INTO borrows (borrowId, studentId, bookId, takenDate, broughtDate) VALUES (37, 118, 60, CAST('2015-09-10 23:10:00.000' AS TIMESTAMP(3)), CAST('2015-09-30 10:28:00.000' AS TIMESTAMP(3)));
INSERT INTO borrows (borrowId, studentId, bookId, takenDate, broughtDate) VALUES (38, 367, 26, CAST('2015-09-12 05:02:00.000' AS TIMESTAMP(3)), CAST('2015-09-17 04:43:00.000' AS TIMESTAMP(3)));
INSERT INTO borrows (borrowId, studentId, bookId, takenDate, broughtDate) VALUES (39, 347, 149, CAST('2015-09-12 10:53:00.000' AS TIMESTAMP(3)), CAST('2015-09-13 05:45:00.000' AS TIMESTAMP(3)));
INSERT INTO borrows (borrowId, studentId, bookId, takenDate, broughtDate) VALUES (40, 271, 16, CAST('2015-09-14 03:20:00.000' AS TIMESTAMP(3)), CAST('2015-09-24 04:43:00.000' AS TIMESTAMP(3)));
INSERT INTO borrows (borrowId, studentId, bookId, takenDate, broughtDate) VALUES (41, 126, 99, CAST('2015-09-14 09:25:00.000' AS TIMESTAMP(3)), CAST('2015-09-17 09:36:00.000' AS TIMESTAMP(3)));
INSERT INTO borrows (borrowId, studentId, bookId, takenDate, broughtDate) VALUES (42, 33, 167, CAST('2015-09-14 18:45:00.000' AS TIMESTAMP(3)), CAST('2015-09-22 01:27:00.000' AS TIMESTAMP(3)));
INSERT INTO borrows (borrowId, studentId, bookId, takenDate, broughtDate) VALUES (43, 432, 87, CAST('2015-09-16 00:58:00.000' AS TIMESTAMP(3)), CAST('2015-09-23 21:12:00.000' AS TIMESTAMP(3)));
INSERT INTO borrows (borrowId, studentId, bookId, takenDate, broughtDate) VALUES (44, 206, 16, CAST('2015-09-16 02:28:00.000' AS TIMESTAMP(3)), CAST('2015-10-04 02:48:00.000' AS TIMESTAMP(3)));
INSERT INTO borrows (borrowId, studentId, bookId, takenDate, broughtDate) VALUES (45, 7, 108, CAST('2015-09-18 22:48:00.000' AS TIMESTAMP(3)), CAST('2015-10-08 22:32:00.000' AS TIMESTAMP(3)));
INSERT INTO borrows (borrowId, studentId, bookId, takenDate, broughtDate) VALUES (46, 436, 132, CAST('2015-09-21 11:30:00.000' AS TIMESTAMP(3)), CAST('2015-10-10 11:51:00.000' AS TIMESTAMP(3)));
INSERT INTO borrows (borrowId, studentId, bookId, takenDate, broughtDate) VALUES (47, 500, 34, CAST('2015-09-23 13:46:00.000' AS TIMESTAMP(3)), CAST('2015-09-28 12:01:00.000' AS TIMESTAMP(3)));
INSERT INTO borrows (borrowId, studentId, bookId, takenDate, broughtDate) VALUES (48, 72, 39, CAST('2015-09-25 11:34:00.000' AS TIMESTAMP(3)), CAST('2015-10-04 02:21:00.000' AS TIMESTAMP(3)));
INSERT INTO borrows (borrowId, studentId, bookId, takenDate, broughtDate) VALUES (49, 378, 140, CAST('2015-09-25 16:17:00.000' AS TIMESTAMP(3)), CAST('2015-09-27 03:26:00.000' AS TIMESTAMP(3)));
INSERT INTO borrows (borrowId, studentId, bookId, takenDate, broughtDate) VALUES (50, 495, 111, CAST('2015-09-27 00:47:00.000' AS TIMESTAMP(3)), CAST('2015-09-27 09:37:00.000' AS TIMESTAMP(3)));
INSERT INTO borrows (borrowId, studentId, bookId, takenDate, broughtDate) VALUES (51, 104, 124, CAST('2015-09-28 03:49:00.000' AS TIMESTAMP(3)), CAST('2015-10-12 06:25:00.000' AS TIMESTAMP(3)));
INSERT INTO borrows (borrowId, studentId, bookId, takenDate, broughtDate) VALUES (52, 164, 158, CAST('2015-09-28 07:03:00.000' AS TIMESTAMP(3)), CAST('2015-10-12 12:45:00.000' AS TIMESTAMP(3)));
INSERT INTO borrows (borrowId, studentId, bookId, takenDate, broughtDate) VALUES (53, 429, 53, CAST('2015-09-29 04:43:00.000' AS TIMESTAMP(3)), CAST('2015-09-29 10:18:00.000' AS TIMESTAMP(3)));
INSERT INTO borrows (borrowId, studentId, bookId, takenDate, broughtDate) VALUES (54, 353, 114, CAST('2015-09-29 21:35:00.000' AS TIMESTAMP(3)), CAST('2015-10-08 14:24:00.000' AS TIMESTAMP(3)));
INSERT INTO borrows (borrowId, studentId, bookId, takenDate, broughtDate) VALUES (55, 350, 78, CAST('2015-10-01 05:48:00.000' AS TIMESTAMP(3)), CAST('2015-10-17 11:44:00.000' AS TIMESTAMP(3)));
INSERT INTO borrows (borrowId, studentId, bookId, takenDate, broughtDate) VALUES (56, 304, 137, CAST('2015-10-01 09:41:00.000' AS TIMESTAMP(3)), CAST('2015-10-01 14:29:00.000' AS TIMESTAMP(3)));
INSERT INTO borrows (borrowId, studentId, bookId, takenDate, broughtDate) VALUES (57, 468, 148, CAST('2015-10-01 11:42:00.000' AS TIMESTAMP(3)), CAST('2015-10-08 08:30:00.000' AS TIMESTAMP(3)));
INSERT INTO borrows (borrowId, studentId, bookId, takenDate, broughtDate) VALUES (58, 268, 151, CAST('2015-10-01 11:43:00.000' AS TIMESTAMP(3)), CAST('2015-10-10 17:59:00.000' AS TIMESTAMP(3)));
INSERT INTO borrows (borrowId, studentId, bookId, takenDate, broughtDate) VALUES (59, 121, 82, CAST('2015-10-01 11:50:00.000' AS TIMESTAMP(3)), CAST('2015-10-16 19:08:00.000' AS TIMESTAMP(3)));
INSERT INTO borrows (borrowId, studentId, bookId, takenDate, broughtDate) VALUES (60, 442, 91, CAST('2015-10-01 12:07:00.000' AS TIMESTAMP(3)), CAST('2015-10-16 09:38:00.000' AS TIMESTAMP(3)));
INSERT INTO borrows (borrowId, studentId, bookId, takenDate, broughtDate) VALUES (61, 372, 121, CAST('2015-10-01 12:54:00.000' AS TIMESTAMP(3)), CAST('2015-10-02 08:01:00.000' AS TIMESTAMP(3)));
INSERT INTO borrows (borrowId, studentId, bookId, takenDate, broughtDate) VALUES (62, 35, 93, CAST('2015-10-01 13:52:00.000' AS TIMESTAMP(3)), CAST('2015-10-03 15:32:00.000' AS TIMESTAMP(3)));
INSERT INTO borrows (borrowId, studentId, bookId, takenDate, broughtDate) VALUES (63, 26, 84, CAST('2015-10-01 14:04:00.000' AS TIMESTAMP(3)), CAST('2015-10-05 16:35:00.000' AS TIMESTAMP(3)));
INSERT INTO borrows (borrowId, studentId, bookId, takenDate, broughtDate) VALUES (64, 172, 61, CAST('2015-10-01 14:13:00.000' AS TIMESTAMP(3)), CAST('2015-10-08 12:36:00.000' AS TIMESTAMP(3)));
INSERT INTO borrows (borrowId, studentId, bookId, takenDate, broughtDate) VALUES (65, 32, 17, CAST('2015-10-01 14:28:00.000' AS TIMESTAMP(3)), CAST('2015-10-07 11:22:00.000' AS TIMESTAMP(3)));
INSERT INTO borrows (borrowId, studentId, bookId, takenDate, broughtDate) VALUES (66, 270, 96, CAST('2015-10-01 15:44:00.000' AS TIMESTAMP(3)), CAST('2015-10-17 10:24:00.000' AS TIMESTAMP(3)));
INSERT INTO borrows (borrowId, studentId, bookId, takenDate, broughtDate) VALUES (67, 291, 26, CAST('2015-10-01 15:56:00.000' AS TIMESTAMP(3)), CAST('2015-10-20 16:24:00.000' AS TIMESTAMP(3)));
INSERT INTO borrows (borrowId, studentId, bookId, takenDate, broughtDate) VALUES (68, 216, 122, CAST('2015-10-01 16:33:00.000' AS TIMESTAMP(3)), CAST('2015-10-09 12:31:00.000' AS TIMESTAMP(3)));
INSERT INTO borrows (borrowId, studentId, bookId, takenDate, broughtDate) VALUES (69, 178, 30, CAST('2015-10-01 16:53:00.000' AS TIMESTAMP(3)), CAST('2015-10-08 18:30:00.000' AS TIMESTAMP(3)));
INSERT INTO borrows (borrowId, studentId, bookId, takenDate, broughtDate) VALUES (70, 32, 156, CAST('2015-10-01 17:08:00.000' AS TIMESTAMP(3)), CAST('2015-10-10 18:36:00.000' AS TIMESTAMP(3)));
INSERT INTO borrows (borrowId, studentId, bookId, takenDate, broughtDate) VALUES (71, 63, 147, CAST('2015-10-01 18:34:00.000' AS TIMESTAMP(3)), CAST('2015-10-21 11:39:00.000' AS TIMESTAMP(3)));
INSERT INTO borrows (borrowId, studentId, bookId, takenDate, broughtDate) VALUES (72, 145, 166, CAST('2015-10-01 18:38:00.000' AS TIMESTAMP(3)), CAST('2015-10-06 19:17:00.000' AS TIMESTAMP(3)));
INSERT INTO borrows (borrowId, studentId, bookId, takenDate, broughtDate) VALUES (73, 20, 76, CAST('2015-10-01 18:42:00.000' AS TIMESTAMP(3)), CAST('2015-10-06 11:42:00.000' AS TIMESTAMP(3)));
INSERT INTO borrows (borrowId, studentId, bookId, takenDate, broughtDate) VALUES (74, 262, 101, CAST('2015-10-01 19:07:00.000' AS TIMESTAMP(3)), CAST('2015-10-08 15:00:00.000' AS TIMESTAMP(3)));
INSERT INTO borrows (borrowId, studentId, bookId, takenDate, broughtDate) VALUES (75, 126, 70, CAST('2015-10-01 19:22:00.000' AS TIMESTAMP(3)), CAST('2015-10-19 18:23:00.000' AS TIMESTAMP(3)));
INSERT INTO borrows (borrowId, studentId, bookId, takenDate, broughtDate) VALUES (76, 429, 129, CAST('2015-10-02 08:08:00.000' AS TIMESTAMP(3)), CAST('2015-10-09 19:54:00.000' AS TIMESTAMP(3)));
INSERT INTO borrows (borrowId, studentId, bookId, takenDate, broughtDate) VALUES (77, 348, 90, CAST('2015-10-02 10:01:00.000' AS TIMESTAMP(3)), CAST('2015-10-14 18:11:00.000' AS TIMESTAMP(3)));
INSERT INTO borrows (borrowId, studentId, bookId, takenDate, broughtDate) VALUES (78, 145, 9, CAST('2015-10-02 10:17:00.000' AS TIMESTAMP(3)), CAST('2015-10-22 09:41:00.000' AS TIMESTAMP(3)));
INSERT INTO borrows (borrowId, studentId, bookId, takenDate, broughtDate) VALUES (79, 40, 29, CAST('2015-10-02 10:45:00.000' AS TIMESTAMP(3)), CAST('2015-10-10 17:16:00.000' AS TIMESTAMP(3)));
INSERT INTO borrows (borrowId, studentId, bookId, takenDate, broughtDate) VALUES (80, 481, 144, CAST('2015-10-02 12:23:00.000' AS TIMESTAMP(3)), CAST('2015-10-16 17:33:00.000' AS TIMESTAMP(3)));
INSERT INTO borrows (borrowId, studentId, bookId, takenDate, broughtDate) VALUES (81, 75, 111, CAST('2015-10-02 13:22:00.000' AS TIMESTAMP(3)), CAST('2015-10-07 19:01:00.000' AS TIMESTAMP(3)));
INSERT INTO borrows (borrowId, studentId, bookId, takenDate, broughtDate) VALUES (82, 324, 33, CAST('2015-10-02 15:32:00.000' AS TIMESTAMP(3)), CAST('2015-10-19 09:02:00.000' AS TIMESTAMP(3)));
INSERT INTO borrows (borrowId, studentId, bookId, takenDate, broughtDate) VALUES (83, 15, 97, CAST('2015-10-02 16:29:00.000' AS TIMESTAMP(3)), CAST('2015-10-09 11:27:00.000' AS TIMESTAMP(3)));
INSERT INTO borrows (borrowId, studentId, bookId, takenDate, broughtDate) VALUES (84, 107, 4, CAST('2015-10-02 16:52:00.000' AS TIMESTAMP(3)), CAST('2015-10-09 18:22:00.000' AS TIMESTAMP(3)));
INSERT INTO borrows (borrowId, studentId, bookId, takenDate, broughtDate) VALUES (85, 97, 101, CAST('2015-10-02 17:48:00.000' AS TIMESTAMP(3)), CAST('2015-10-09 14:25:00.000' AS TIMESTAMP(3)));
INSERT INTO borrows (borrowId, studentId, bookId, takenDate, broughtDate) VALUES (86, 411, 113, CAST('2015-10-02 18:56:00.000' AS TIMESTAMP(3)), CAST('2015-10-07 17:17:00.000' AS TIMESTAMP(3)));
INSERT INTO borrows (borrowId, studentId, bookId, takenDate, broughtDate) VALUES (87, 11, 61, CAST('2015-10-02 19:18:00.000' AS TIMESTAMP(3)), CAST('2015-10-02 19:59:00.000' AS TIMESTAMP(3)));
INSERT INTO borrows (borrowId, studentId, bookId, takenDate, broughtDate) VALUES (88, 146, 79, CAST('2015-10-02 19:46:00.000' AS TIMESTAMP(3)), CAST('2015-10-07 16:52:00.000' AS TIMESTAMP(3)));
INSERT INTO borrows (borrowId, studentId, bookId, takenDate, broughtDate) VALUES (89, 263, 93, CAST('2015-10-02 19:54:00.000' AS TIMESTAMP(3)), CAST('2015-10-19 18:12:00.000' AS TIMESTAMP(3)));
INSERT INTO borrows (borrowId, studentId, bookId, takenDate, broughtDate) VALUES (90, 97, 19, CAST('2015-10-03 08:51:00.000' AS TIMESTAMP(3)), CAST('2015-10-14 16:32:00.000' AS TIMESTAMP(3)));
INSERT INTO borrows (borrowId, studentId, bookId, takenDate, broughtDate) VALUES (91, 323, 88, CAST('2015-10-03 09:00:00.000' AS TIMESTAMP(3)), CAST('2015-10-05 16:57:00.000' AS TIMESTAMP(3)));
INSERT INTO borrows (borrowId, studentId, bookId, takenDate, broughtDate) VALUES (92, 176, 28, CAST('2015-10-03 09:07:00.000' AS TIMESTAMP(3)), CAST('2015-10-19 13:18:00.000' AS TIMESTAMP(3)));
INSERT INTO borrows (borrowId, studentId, bookId, takenDate, broughtDate) VALUES (93, 444, 17, CAST('2015-10-03 09:09:00.000' AS TIMESTAMP(3)), CAST('2015-10-03 14:14:00.000' AS TIMESTAMP(3)));
INSERT INTO borrows (borrowId, studentId, bookId, takenDate, broughtDate) VALUES (94, 50, 119, CAST('2015-10-03 10:24:00.000' AS TIMESTAMP(3)), CAST('2015-10-13 17:34:00.000' AS TIMESTAMP(3)));
INSERT INTO borrows (borrowId, studentId, bookId, takenDate, broughtDate) VALUES (95, 204, 1, CAST('2015-10-03 12:00:00.000' AS TIMESTAMP(3)), CAST('2015-10-20 14:04:00.000' AS TIMESTAMP(3)));
INSERT INTO borrows (borrowId, studentId, bookId, takenDate, broughtDate) VALUES (96, 323, 150, CAST('2015-10-03 12:10:00.000' AS TIMESTAMP(3)), CAST('2015-10-09 18:16:00.000' AS TIMESTAMP(3)));
INSERT INTO borrows (borrowId, studentId, bookId, takenDate, broughtDate) VALUES (97, 364, 4, CAST('2015-10-03 12:24:00.000' AS TIMESTAMP(3)), CAST('2015-10-15 09:54:00.000' AS TIMESTAMP(3)));
INSERT INTO borrows (borrowId, studentId, bookId, takenDate, broughtDate) VALUES (98, 252, 122, CAST('2015-10-03 13:11:00.000' AS TIMESTAMP(3)), CAST('2015-10-10 08:36:00.000' AS TIMESTAMP(3)));
INSERT INTO borrows (borrowId, studentId, bookId, takenDate, broughtDate) VALUES (99, 281, 77, CAST('2015-10-03 13:46:00.000' AS TIMESTAMP(3)), CAST('2015-10-10 13:42:00.000' AS TIMESTAMP(3)));
INSERT INTO borrows (borrowId, studentId, bookId, takenDate, broughtDate) VALUES (100, 350, 134, CAST('2015-10-03 13:59:00.000' AS TIMESTAMP(3)), CAST('2015-10-21 13:09:00.000' AS TIMESTAMP(3)));
INSERT INTO borrows (borrowId, studentId, bookId, takenDate, broughtDate) VALUES (101, 401, 91, CAST('2015-10-03 14:04:00.000' AS TIMESTAMP(3)), CAST('2015-10-23 10:48:00.000' AS TIMESTAMP(3)));
INSERT INTO borrows (borrowId, studentId, bookId, takenDate, broughtDate) VALUES (102, 382, 54, CAST('2015-10-03 14:18:00.000' AS TIMESTAMP(3)), CAST('2015-10-16 13:28:00.000' AS TIMESTAMP(3)));
INSERT INTO borrows (borrowId, studentId, bookId, takenDate, broughtDate) VALUES (103, 36, 44, CAST('2015-10-03 15:57:00.000' AS TIMESTAMP(3)), CAST('2015-10-09 10:43:00.000' AS TIMESTAMP(3)));
INSERT INTO borrows (borrowId, studentId, bookId, takenDate, broughtDate) VALUES (104, 417, 108, CAST('2015-10-03 16:03:00.000' AS TIMESTAMP(3)), CAST('2015-10-22 11:36:00.000' AS TIMESTAMP(3)));
INSERT INTO borrows (borrowId, studentId, bookId, takenDate, broughtDate) VALUES (105, 420, 123, CAST('2015-10-03 16:08:00.000' AS TIMESTAMP(3)), CAST('2015-10-17 08:01:00.000' AS TIMESTAMP(3)));
INSERT INTO borrows (borrowId, studentId, bookId, takenDate, broughtDate) VALUES (106, 78, 18, CAST('2015-10-03 16:26:00.000' AS TIMESTAMP(3)), CAST('2015-10-15 16:42:00.000' AS TIMESTAMP(3)));
INSERT INTO borrows (borrowId, studentId, bookId, takenDate, broughtDate) VALUES (107, 442, 80, CAST('2015-10-03 16:28:00.000' AS TIMESTAMP(3)), CAST('2015-10-16 12:48:00.000' AS TIMESTAMP(3)));
INSERT INTO borrows (borrowId, studentId, bookId, takenDate, broughtDate) VALUES (108, 256, 70, CAST('2015-10-03 17:56:00.000' AS TIMESTAMP(3)), CAST('2015-10-09 19:16:00.000' AS TIMESTAMP(3)));
INSERT INTO borrows (borrowId, studentId, bookId, takenDate, broughtDate) VALUES (109, 150, 13, CAST('2015-10-03 18:40:00.000' AS TIMESTAMP(3)), CAST('2015-10-20 17:59:00.000' AS TIMESTAMP(3)));
INSERT INTO borrows (borrowId, studentId, bookId, takenDate, broughtDate) VALUES (110, 212, 99, CAST('2015-10-03 18:56:00.000' AS TIMESTAMP(3)), CAST('2015-10-10 19:54:00.000' AS TIMESTAMP(3)));
INSERT INTO borrows (borrowId, studentId, bookId, takenDate, broughtDate) VALUES (111, 459, 162, CAST('2015-10-03 19:51:00.000' AS TIMESTAMP(3)), CAST('2015-10-23 18:00:00.000' AS TIMESTAMP(3)));
INSERT INTO borrows (borrowId, studentId, bookId, takenDate, broughtDate) VALUES (112, 149, 40, CAST('2015-10-03 21:59:00.000' AS TIMESTAMP(3)), CAST('2015-10-09 05:25:00.000' AS TIMESTAMP(3)));
INSERT INTO borrows (borrowId, studentId, bookId, takenDate, broughtDate) VALUES (113, 189, 160, CAST('2015-10-03 23:42:00.000' AS TIMESTAMP(3)), CAST('2015-10-17 15:28:00.000' AS TIMESTAMP(3)));
INSERT INTO borrows (borrowId, studentId, bookId, takenDate, broughtDate) VALUES (114, 88, 21, CAST('2015-10-04 01:31:00.000' AS TIMESTAMP(3)), CAST('2015-10-21 03:17:00.000' AS TIMESTAMP(3)));
INSERT INTO borrows (borrowId, studentId, bookId, takenDate, broughtDate) VALUES (115, 498, 17, CAST('2015-10-04 06:58:00.000' AS TIMESTAMP(3)), CAST('2015-10-12 10:27:00.000' AS TIMESTAMP(3)));
INSERT INTO borrows (borrowId, studentId, bookId, takenDate, broughtDate) VALUES (116, 499, 22, CAST('2015-10-04 10:40:00.000' AS TIMESTAMP(3)), CAST('2015-10-13 20:20:00.000' AS TIMESTAMP(3)));
INSERT INTO borrows (borrowId, studentId, bookId, takenDate, broughtDate) VALUES (117, 436, 91, CAST('2015-10-05 08:40:00.000' AS TIMESTAMP(3)), CAST('2015-10-13 15:53:00.000' AS TIMESTAMP(3)));
INSERT INTO borrows (borrowId, studentId, bookId, takenDate, broughtDate) VALUES (118, 433, 165, CAST('2015-10-05 09:30:00.000' AS TIMESTAMP(3)), CAST('2015-10-10 16:41:00.000' AS TIMESTAMP(3)));
INSERT INTO borrows (borrowId, studentId, bookId, takenDate, broughtDate) VALUES (119, 491, 119, CAST('2015-10-05 10:05:00.000' AS TIMESTAMP(3)), CAST('2015-10-20 15:10:00.000' AS TIMESTAMP(3)));
INSERT INTO borrows (borrowId, studentId, bookId, takenDate, broughtDate) VALUES (120, 147, 93, CAST('2015-10-05 10:39:00.000' AS TIMESTAMP(3)), CAST('2015-10-08 11:01:00.000' AS TIMESTAMP(3)));
INSERT INTO borrows (borrowId, studentId, bookId, takenDate, broughtDate) VALUES (121, 473, 40, CAST('2015-10-05 10:42:00.000' AS TIMESTAMP(3)), CAST('2015-10-21 11:58:00.000' AS TIMESTAMP(3)));
INSERT INTO borrows (borrowId, studentId, bookId, takenDate, broughtDate) VALUES (122, 165, 119, CAST('2015-10-05 11:23:00.000' AS TIMESTAMP(3)), CAST('2015-10-12 15:05:00.000' AS TIMESTAMP(3)));
INSERT INTO borrows (borrowId, studentId, bookId, takenDate, broughtDate) VALUES (123, 371, 10, CAST('2015-10-05 11:50:00.000' AS TIMESTAMP(3)), CAST('2015-10-14 12:39:00.000' AS TIMESTAMP(3)));
INSERT INTO borrows (borrowId, studentId, bookId, takenDate, broughtDate) VALUES (124, 235, 71, CAST('2015-10-05 12:04:00.000' AS TIMESTAMP(3)), CAST('2015-10-23 09:16:00.000' AS TIMESTAMP(3)));
INSERT INTO borrows (borrowId, studentId, bookId, takenDate, broughtDate) VALUES (125, 265, 160, CAST('2015-10-05 12:20:00.000' AS TIMESTAMP(3)), CAST('2015-10-10 15:44:00.000' AS TIMESTAMP(3)));
INSERT INTO borrows (borrowId, studentId, bookId, takenDate, broughtDate) VALUES (126, 27, 167, CAST('2015-10-05 12:32:00.000' AS TIMESTAMP(3)), CAST('2015-10-09 12:05:00.000' AS TIMESTAMP(3)));
INSERT INTO borrows (borrowId, studentId, bookId, takenDate, broughtDate) VALUES (127, 213, 89, CAST('2015-10-05 13:46:00.000' AS TIMESTAMP(3)), CAST('2015-10-16 08:25:00.000' AS TIMESTAMP(3)));
INSERT INTO borrows (borrowId, studentId, bookId, takenDate, broughtDate) VALUES (128, 468, 115, CAST('2015-10-05 15:20:00.000' AS TIMESTAMP(3)), CAST('2015-10-20 15:13:00.000' AS TIMESTAMP(3)));
INSERT INTO borrows (borrowId, studentId, bookId, takenDate, broughtDate) VALUES (129, 441, 46, CAST('2015-10-05 16:54:00.000' AS TIMESTAMP(3)), CAST('2015-10-10 12:36:00.000' AS TIMESTAMP(3)));
INSERT INTO borrows (borrowId, studentId, bookId, takenDate, broughtDate) VALUES (130, 230, 25, CAST('2015-10-05 17:02:00.000' AS TIMESTAMP(3)), CAST('2015-10-13 09:41:00.000' AS TIMESTAMP(3)));
INSERT INTO borrows (borrowId, studentId, bookId, takenDate, broughtDate) VALUES (131, 43, 126, CAST('2015-10-05 17:12:00.000' AS TIMESTAMP(3)), CAST('2015-10-09 18:38:00.000' AS TIMESTAMP(3)));
INSERT INTO borrows (borrowId, studentId, bookId, takenDate, broughtDate) VALUES (132, 436, 122, CAST('2015-10-05 18:07:00.000' AS TIMESTAMP(3)), CAST('2015-10-17 09:49:00.000' AS TIMESTAMP(3)));
INSERT INTO borrows (borrowId, studentId, bookId, takenDate, broughtDate) VALUES (133, 293, 140, CAST('2015-10-05 19:19:00.000' AS TIMESTAMP(3)), CAST('2015-10-22 18:00:00.000' AS TIMESTAMP(3)));
INSERT INTO borrows (borrowId, studentId, bookId, takenDate, broughtDate) VALUES (134, 117, 23, CAST('2015-10-05 19:59:00.000' AS TIMESTAMP(3)), CAST('2015-10-07 10:47:00.000' AS TIMESTAMP(3)));
INSERT INTO borrows (borrowId, studentId, bookId, takenDate, broughtDate) VALUES (135, 465, 63, CAST('2015-10-06 00:43:00.000' AS TIMESTAMP(3)), CAST('2015-10-15 11:54:00.000' AS TIMESTAMP(3)));
INSERT INTO borrows (borrowId, studentId, bookId, takenDate, broughtDate) VALUES (136, 93, 62, CAST('2015-10-06 08:46:00.000' AS TIMESTAMP(3)), CAST('2015-10-20 19:51:00.000' AS TIMESTAMP(3)));
INSERT INTO borrows (borrowId, studentId, bookId, takenDate, broughtDate) VALUES (137, 50, 89, CAST('2015-10-06 08:47:00.000' AS TIMESTAMP(3)), CAST('2015-10-23 10:07:00.000' AS TIMESTAMP(3)));
INSERT INTO borrows (borrowId, studentId, bookId, takenDate, broughtDate) VALUES (138, 277, 52, CAST('2015-10-06 10:20:00.000' AS TIMESTAMP(3)), CAST('2015-10-24 14:00:00.000' AS TIMESTAMP(3)));
INSERT INTO borrows (borrowId, studentId, bookId, takenDate, broughtDate) VALUES (139, 437, 14, CAST('2015-10-06 10:23:00.000' AS TIMESTAMP(3)), CAST('2015-10-20 09:01:00.000' AS TIMESTAMP(3)));
INSERT INTO borrows (borrowId, studentId, bookId, takenDate, broughtDate) VALUES (140, 298, 97, CAST('2015-10-06 10:36:00.000' AS TIMESTAMP(3)), CAST('2015-10-19 16:51:00.000' AS TIMESTAMP(3)));
INSERT INTO borrows (borrowId, studentId, bookId, takenDate, broughtDate) VALUES (141, 384, 110, CAST('2015-10-06 13:15:00.000' AS TIMESTAMP(3)), CAST('2015-10-14 17:56:00.000' AS TIMESTAMP(3)));
INSERT INTO borrows (borrowId, studentId, bookId, takenDate, broughtDate) VALUES (142, 216, 81, CAST('2015-10-06 13:16:00.000' AS TIMESTAMP(3)), CAST('2015-10-20 12:50:00.000' AS TIMESTAMP(3)));
INSERT INTO borrows (borrowId, studentId, bookId, takenDate, broughtDate) VALUES (143, 81, 105, CAST('2015-10-06 13:33:00.000' AS TIMESTAMP(3)), CAST('2015-10-19 12:47:00.000' AS TIMESTAMP(3)));
INSERT INTO borrows (borrowId, studentId, bookId, takenDate, broughtDate) VALUES (144, 118, 91, CAST('2015-10-06 14:14:00.000' AS TIMESTAMP(3)), CAST('2015-10-19 08:09:00.000' AS TIMESTAMP(3)));
INSERT INTO borrows (borrowId, studentId, bookId, takenDate, broughtDate) VALUES (145, 197, 150, CAST('2015-10-06 14:56:00.000' AS TIMESTAMP(3)), CAST('2015-10-21 12:47:00.000' AS TIMESTAMP(3)));
INSERT INTO borrows (borrowId, studentId, bookId, takenDate, broughtDate) VALUES (146, 451, 69, CAST('2015-10-06 15:03:00.000' AS TIMESTAMP(3)), CAST('2015-10-09 15:40:00.000' AS TIMESTAMP(3)));
INSERT INTO borrows (borrowId, studentId, bookId, takenDate, broughtDate) VALUES (147, 452, 30, CAST('2015-10-06 15:13:00.000' AS TIMESTAMP(3)), CAST('2015-10-07 12:05:00.000' AS TIMESTAMP(3)));
INSERT INTO borrows (borrowId, studentId, bookId, takenDate, broughtDate) VALUES (148, 349, 73, CAST('2015-10-06 15:46:00.000' AS TIMESTAMP(3)), CAST('2015-10-26 13:07:00.000' AS TIMESTAMP(3)));
INSERT INTO borrows (borrowId, studentId, bookId, takenDate, broughtDate) VALUES (149, 142, 104, CAST('2015-10-06 15:56:00.000' AS TIMESTAMP(3)), CAST('2015-10-21 17:20:00.000' AS TIMESTAMP(3)));
INSERT INTO borrows (borrowId, studentId, bookId, takenDate, broughtDate) VALUES (150, 497, 24, CAST('2015-10-06 16:08:00.000' AS TIMESTAMP(3)), CAST('2015-10-10 12:47:00.000' AS TIMESTAMP(3)));
INSERT INTO borrows (borrowId, studentId, bookId, takenDate, broughtDate) VALUES (151, 235, 49, CAST('2015-10-06 17:56:00.000' AS TIMESTAMP(3)), CAST('2015-10-09 09:58:00.000' AS TIMESTAMP(3)));
INSERT INTO borrows (borrowId, studentId, bookId, takenDate, broughtDate) VALUES (152, 485, 45, CAST('2015-10-06 19:31:00.000' AS TIMESTAMP(3)), CAST('2015-10-23 19:26:00.000' AS TIMESTAMP(3)));
INSERT INTO borrows (borrowId, studentId, bookId, takenDate, broughtDate) VALUES (153, 357, 140, CAST('2015-10-07 04:45:00.000' AS TIMESTAMP(3)), CAST('2015-10-14 07:43:00.000' AS TIMESTAMP(3)));
INSERT INTO borrows (borrowId, studentId, bookId, takenDate, broughtDate) VALUES (154, 443, 153, CAST('2015-10-07 08:12:00.000' AS TIMESTAMP(3)), CAST('2015-10-14 11:23:00.000' AS TIMESTAMP(3)));
INSERT INTO borrows (borrowId, studentId, bookId, takenDate, broughtDate) VALUES (155, 133, 97, CAST('2015-10-07 10:39:00.000' AS TIMESTAMP(3)), CAST('2015-10-16 12:44:00.000' AS TIMESTAMP(3)));
INSERT INTO borrows (borrowId, studentId, bookId, takenDate, broughtDate) VALUES (156, 436, 113, CAST('2015-10-07 11:17:00.000' AS TIMESTAMP(3)), CAST('2015-10-12 19:15:00.000' AS TIMESTAMP(3)));
INSERT INTO borrows (borrowId, studentId, bookId, takenDate, broughtDate) VALUES (157, 236, 43, CAST('2015-10-07 11:57:00.000' AS TIMESTAMP(3)), CAST('2015-10-15 10:09:00.000' AS TIMESTAMP(3)));
INSERT INTO borrows (borrowId, studentId, bookId, takenDate, broughtDate) VALUES (158, 380, 11, CAST('2015-10-07 12:56:00.000' AS TIMESTAMP(3)), CAST('2015-10-09 11:19:00.000' AS TIMESTAMP(3)));
INSERT INTO borrows (borrowId, studentId, bookId, takenDate, broughtDate) VALUES (159, 11, 16, CAST('2015-10-07 13:19:00.000' AS TIMESTAMP(3)), CAST('2015-10-15 18:55:00.000' AS TIMESTAMP(3)));
INSERT INTO borrows (borrowId, studentId, bookId, takenDate, broughtDate) VALUES (160, 260, 104, CAST('2015-10-07 13:29:00.000' AS TIMESTAMP(3)), CAST('2015-10-22 11:25:00.000' AS TIMESTAMP(3)));
INSERT INTO borrows (borrowId, studentId, bookId, takenDate, broughtDate) VALUES (161, 230, 106, CAST('2015-10-07 13:40:00.000' AS TIMESTAMP(3)), CAST('2015-10-22 17:06:00.000' AS TIMESTAMP(3)));
INSERT INTO borrows (borrowId, studentId, bookId, takenDate, broughtDate) VALUES (162, 423, 58, CAST('2015-10-07 15:46:00.000' AS TIMESTAMP(3)), CAST('2015-10-17 18:36:00.000' AS TIMESTAMP(3)));
INSERT INTO borrows (borrowId, studentId, bookId, takenDate, broughtDate) VALUES (163, 474, 147, CAST('2015-10-07 17:47:00.000' AS TIMESTAMP(3)), CAST('2015-10-10 09:42:00.000' AS TIMESTAMP(3)));
INSERT INTO borrows (borrowId, studentId, bookId, takenDate, broughtDate) VALUES (164, 78, 161, CAST('2015-10-07 18:06:00.000' AS TIMESTAMP(3)), CAST('2015-10-09 15:04:00.000' AS TIMESTAMP(3)));
INSERT INTO borrows (borrowId, studentId, bookId, takenDate, broughtDate) VALUES (165, 65, 43, CAST('2015-10-07 18:07:00.000' AS TIMESTAMP(3)), CAST('2015-10-15 12:50:00.000' AS TIMESTAMP(3)));
INSERT INTO borrows (borrowId, studentId, bookId, takenDate, broughtDate) VALUES (166, 291, 137, CAST('2015-10-08 10:17:00.000' AS TIMESTAMP(3)), CAST('2015-10-10 11:04:00.000' AS TIMESTAMP(3)));
INSERT INTO borrows (borrowId, studentId, bookId, takenDate, broughtDate) VALUES (167, 425, 18, CAST('2015-10-08 11:05:00.000' AS TIMESTAMP(3)), CAST('2015-10-21 18:21:00.000' AS TIMESTAMP(3)));
INSERT INTO borrows (borrowId, studentId, bookId, takenDate, broughtDate) VALUES (168, 161, 36, CAST('2015-10-08 11:10:00.000' AS TIMESTAMP(3)), CAST('2015-10-16 17:14:00.000' AS TIMESTAMP(3)));
INSERT INTO borrows (borrowId, studentId, bookId, takenDate, broughtDate) VALUES (169, 452, 153, CAST('2015-10-08 13:51:00.000' AS TIMESTAMP(3)), CAST('2015-10-17 11:32:00.000' AS TIMESTAMP(3)));
INSERT INTO borrows (borrowId, studentId, bookId, takenDate, broughtDate) VALUES (170, 13, 67, CAST('2015-10-08 15:06:00.000' AS TIMESTAMP(3)), CAST('2015-10-15 16:09:00.000' AS TIMESTAMP(3)));
INSERT INTO borrows (borrowId, studentId, bookId, takenDate, broughtDate) VALUES (171, 328, 124, CAST('2015-10-08 18:29:00.000' AS TIMESTAMP(3)), CAST('2015-10-10 16:05:00.000' AS TIMESTAMP(3)));
INSERT INTO borrows (borrowId, studentId, bookId, takenDate, broughtDate) VALUES (172, 375, 71, CAST('2015-10-08 19:59:00.000' AS TIMESTAMP(3)), CAST('2015-10-28 11:31:00.000' AS TIMESTAMP(3)));
INSERT INTO borrows (borrowId, studentId, bookId, takenDate, broughtDate) VALUES (173, 469, 155, CAST('2015-10-08 21:25:00.000' AS TIMESTAMP(3)), CAST('2015-10-12 16:07:00.000' AS TIMESTAMP(3)));
INSERT INTO borrows (borrowId, studentId, bookId, takenDate, broughtDate) VALUES (174, 216, 59, CAST('2015-10-09 02:54:00.000' AS TIMESTAMP(3)), CAST('2015-10-18 05:07:00.000' AS TIMESTAMP(3)));
INSERT INTO borrows (borrowId, studentId, bookId, takenDate, broughtDate) VALUES (175, 29, 34, CAST('2015-10-09 08:32:00.000' AS TIMESTAMP(3)), CAST('2015-10-14 08:17:00.000' AS TIMESTAMP(3)));
INSERT INTO borrows (borrowId, studentId, bookId, takenDate, broughtDate) VALUES (176, 139, 82, CAST('2015-10-09 10:06:00.000' AS TIMESTAMP(3)), CAST('2015-10-14 09:35:00.000' AS TIMESTAMP(3)));
INSERT INTO borrows (borrowId, studentId, bookId, takenDate, broughtDate) VALUES (177, 256, 111, CAST('2015-10-09 11:04:00.000' AS TIMESTAMP(3)), CAST('2015-10-24 14:37:00.000' AS TIMESTAMP(3)));
INSERT INTO borrows (borrowId, studentId, bookId, takenDate, broughtDate) VALUES (178, 29, 130, CAST('2015-10-09 11:29:00.000' AS TIMESTAMP(3)), CAST('2015-10-26 11:47:00.000' AS TIMESTAMP(3)));
INSERT INTO borrows (borrowId, studentId, bookId, takenDate, broughtDate) VALUES (179, 171, 115, CAST('2015-10-09 11:54:00.000' AS TIMESTAMP(3)), CAST('2015-10-12 13:52:00.000' AS TIMESTAMP(3)));
INSERT INTO borrows (borrowId, studentId, bookId, takenDate, broughtDate) VALUES (180, 115, 19, CAST('2015-10-09 11:56:00.000' AS TIMESTAMP(3)), CAST('2015-10-17 13:21:00.000' AS TIMESTAMP(3)));
INSERT INTO borrows (borrowId, studentId, bookId, takenDate, broughtDate) VALUES (181, 427, 86, CAST('2015-10-09 14:28:00.000' AS TIMESTAMP(3)), CAST('2015-10-17 08:20:00.000' AS TIMESTAMP(3)));
INSERT INTO borrows (borrowId, studentId, bookId, takenDate, broughtDate) VALUES (182, 368, 78, CAST('2015-10-09 15:23:00.000' AS TIMESTAMP(3)), CAST('2015-10-26 15:53:00.000' AS TIMESTAMP(3)));
INSERT INTO borrows (borrowId, studentId, bookId, takenDate, broughtDate) VALUES (183, 114, 35, CAST('2015-10-09 15:41:00.000' AS TIMESTAMP(3)), CAST('2015-10-09 17:22:00.000' AS TIMESTAMP(3)));
INSERT INTO borrows (borrowId, studentId, bookId, takenDate, broughtDate) VALUES (184, 196, 150, CAST('2015-10-09 15:47:00.000' AS TIMESTAMP(3)), CAST('2015-10-28 16:21:00.000' AS TIMESTAMP(3)));
INSERT INTO borrows (borrowId, studentId, bookId, takenDate, broughtDate) VALUES (185, 23, 26, CAST('2015-10-09 15:48:00.000' AS TIMESTAMP(3)), CAST('2015-10-21 10:51:00.000' AS TIMESTAMP(3)));
INSERT INTO borrows (borrowId, studentId, bookId, takenDate, broughtDate) VALUES (186, 263, 117, CAST('2015-10-09 17:49:00.000' AS TIMESTAMP(3)), CAST('2015-10-15 16:57:00.000' AS TIMESTAMP(3)));
INSERT INTO borrows (borrowId, studentId, bookId, takenDate, broughtDate) VALUES (187, 26, 65, CAST('2015-10-09 18:21:00.000' AS TIMESTAMP(3)), CAST('2015-10-15 12:04:00.000' AS TIMESTAMP(3)));
INSERT INTO borrows (borrowId, studentId, bookId, takenDate, broughtDate) VALUES (188, 414, 118, CAST('2015-10-09 18:58:00.000' AS TIMESTAMP(3)), CAST('2015-10-16 08:40:00.000' AS TIMESTAMP(3)));
INSERT INTO borrows (borrowId, studentId, bookId, takenDate, broughtDate) VALUES (189, 469, 35, CAST('2015-10-10 03:13:00.000' AS TIMESTAMP(3)), CAST('2015-10-24 12:30:00.000' AS TIMESTAMP(3)));
INSERT INTO borrows (borrowId, studentId, bookId, takenDate, broughtDate) VALUES (190, 112, 103, CAST('2015-10-10 08:56:00.000' AS TIMESTAMP(3)), CAST('2015-10-19 13:58:00.000' AS TIMESTAMP(3)));
INSERT INTO borrows (borrowId, studentId, bookId, takenDate, broughtDate) VALUES (191, 34, 116, CAST('2015-10-10 09:53:00.000' AS TIMESTAMP(3)), CAST('2015-10-21 19:35:00.000' AS TIMESTAMP(3)));
INSERT INTO borrows (borrowId, studentId, bookId, takenDate, broughtDate) VALUES (192, 91, 14, CAST('2015-10-10 12:22:00.000' AS TIMESTAMP(3)), CAST('2015-10-15 09:40:00.000' AS TIMESTAMP(3)));
INSERT INTO borrows (borrowId, studentId, bookId, takenDate, broughtDate) VALUES (193, 163, 1, CAST('2015-10-10 13:27:00.000' AS TIMESTAMP(3)), CAST('2015-10-23 13:57:00.000' AS TIMESTAMP(3)));
INSERT INTO borrows (borrowId, studentId, bookId, takenDate, broughtDate) VALUES (194, 121, 93, CAST('2015-10-10 15:13:00.000' AS TIMESTAMP(3)), CAST('2015-10-27 14:07:00.000' AS TIMESTAMP(3)));
INSERT INTO borrows (borrowId, studentId, bookId, takenDate, broughtDate) VALUES (195, 255, 97, CAST('2015-10-10 16:53:00.000' AS TIMESTAMP(3)), CAST('2015-10-22 14:13:00.000' AS TIMESTAMP(3)));
INSERT INTO borrows (borrowId, studentId, bookId, takenDate, broughtDate) VALUES (196, 499, 92, CAST('2015-10-10 17:22:00.000' AS TIMESTAMP(3)), CAST('2015-10-26 08:50:00.000' AS TIMESTAMP(3)));
INSERT INTO borrows (borrowId, studentId, bookId, takenDate, broughtDate) VALUES (197, 336, 17, CAST('2015-10-10 19:14:00.000' AS TIMESTAMP(3)), CAST('2015-10-20 19:37:00.000' AS TIMESTAMP(3)));
INSERT INTO borrows (borrowId, studentId, bookId, takenDate, broughtDate) VALUES (198, 140, 114, CAST('2015-10-10 19:32:00.000' AS TIMESTAMP(3)), CAST('2015-10-26 19:48:00.000' AS TIMESTAMP(3)));
INSERT INTO borrows (borrowId, studentId, bookId, takenDate, broughtDate) VALUES (199, 3, 34, CAST('2015-10-10 19:55:00.000' AS TIMESTAMP(3)), CAST('2015-10-15 09:20:00.000' AS TIMESTAMP(3)));
INSERT INTO borrows (borrowId, studentId, bookId, takenDate, broughtDate) VALUES (200, 223, 139, CAST('2015-10-11 11:59:00.000' AS TIMESTAMP(3)), CAST('2015-10-31 10:40:00.000' AS TIMESTAMP(3)));
INSERT INTO borrows (borrowId, studentId, bookId, takenDate, broughtDate) VALUES (201, 272, 131, CAST('2015-10-11 22:59:00.000' AS TIMESTAMP(3)), CAST('2015-10-19 22:44:00.000' AS TIMESTAMP(3)));
INSERT INTO borrows (borrowId, studentId, bookId, takenDate, broughtDate) VALUES (1407, 194, 101, CAST('2016-01-06 11:17:00.000' AS TIMESTAMP(3)), CAST('2016-01-20 09:04:00.000' AS TIMESTAMP(3)));
INSERT INTO borrows (borrowId, studentId, bookId, takenDate, broughtDate) VALUES (1408, 426, 12, CAST('2016-01-06 11:32:00.000' AS TIMESTAMP(3)), CAST('2016-01-18 15:09:00.000' AS TIMESTAMP(3)));
INSERT INTO borrows (borrowId, studentId, bookId, takenDate, broughtDate) VALUES (1409, 407, 68, CAST('2016-01-06 12:49:00.000' AS TIMESTAMP(3)), CAST('2016-01-13 14:43:00.000' AS TIMESTAMP(3)));